 ,month,day,prcp,tmax,tmin
1963,1,1,-99.9,-99.9,-99.9
1963,1,2,-99.9,-99.9,-99.9
1963,1,3,-99.9,-99.9,-99.9
1963,1,4,-99.9,-99.9,-99.9
1963,1,5,-99.9,-99.9,-99.9
1963,1,6,-99.9,-99.9,-99.9
1963,1,7,-99.9,-99.9,-99.9
1963,1,8,-99.9,-99.9,-99.9
1963,1,9,-99.9,-99.9,-99.9
1963,1,10,-99.9,-99.9,-99.9
1963,1,11,-99.9,-99.9,-99.9
1963,1,12,-99.9,-99.9,-99.9
1963,1,13,-99.9,-99.9,-99.9
1963,1,14,-99.9,-99.9,-99.9
1963,1,15,-99.9,-99.9,-99.9
1963,1,16,-99.9,-99.9,-99.9
1963,1,17,-99.9,-99.9,-99.9
1963,1,18,-99.9,-99.9,-99.9
1963,1,19,-99.9,-99.9,-99.9
1963,1,20,-99.9,-99.9,-99.9
1963,1,21,-99.9,-99.9,-99.9
1963,1,22,-99.9,-99.9,-99.9
1963,1,23,-99.9,-99.9,-99.9
1963,1,24,-99.9,-99.9,-99.9
1963,1,25,-99.9,-99.9,-99.9
1963,1,26,-99.9,-99.9,-99.9
1963,1,27,-99.9,-99.9,-99.9
1963,1,28,-99.9,-99.9,-99.9
1963,1,29,-99.9,-99.9,-99.9
1963,1,30,-99.9,-99.9,-99.9
1963,1,31,-99.9,-99.9,-99.9
1963,2,1,-99.9,-99.9,-99.9
1963,2,2,-99.9,-99.9,-99.9
1963,2,3,-99.9,-99.9,-99.9
1963,2,4,-99.9,-99.9,-99.9
1963,2,5,-99.9,-99.9,-99.9
1963,2,6,-99.9,-99.9,-99.9
1963,2,7,-99.9,-99.9,-99.9
1963,2,8,-99.9,-99.9,-99.9
1963,2,9,-99.9,-99.9,-99.9
1963,2,10,-99.9,-99.9,-99.9
1963,2,11,-99.9,-99.9,-99.9
1963,2,12,-99.9,-99.9,-99.9
1963,2,13,-99.9,-99.9,-99.9
1963,2,14,-99.9,-99.9,-99.9
1963,2,15,-99.9,-99.9,-99.9
1963,2,16,-99.9,-99.9,-99.9
1963,2,17,-99.9,-99.9,-99.9
1963,2,18,-99.9,-99.9,-99.9
1963,2,19,-99.9,-99.9,-99.9
1963,2,20,-99.9,-99.9,-99.9
1963,2,21,-99.9,-99.9,-99.9
1963,2,22,-99.9,-99.9,-99.9
1963,2,23,-99.9,-99.9,-99.9
1963,2,24,-99.9,-99.9,-99.9
1963,2,25,-99.9,-99.9,-99.9
1963,2,26,-99.9,-99.9,-99.9
1963,2,27,-99.9,-99.9,-99.9
1963,2,28,-99.9,-99.9,-99.9
1963,3,1,-99.9,-99.9,-99.9
1963,3,2,-99.9,-99.9,-99.9
1963,3,3,-99.9,-99.9,-99.9
1963,3,4,-99.9,-99.9,-99.9
1963,3,5,-99.9,-99.9,-99.9
1963,3,6,-99.9,-99.9,-99.9
1963,3,7,-99.9,-99.9,-99.9
1963,3,8,-99.9,-99.9,-99.9
1963,3,9,-99.9,-99.9,-99.9
1963,3,10,-99.9,-99.9,-99.9
1963,3,11,-99.9,-99.9,-99.9
1963,3,12,-99.9,-99.9,-99.9
1963,3,13,-99.9,-99.9,-99.9
1963,3,14,-99.9,-99.9,-99.9
1963,3,15,-99.9,-99.9,-99.9
1963,3,16,-99.9,-99.9,-99.9
1963,3,17,-99.9,-99.9,-99.9
1963,3,18,-99.9,-99.9,-99.9
1963,3,19,-99.9,-99.9,-99.9
1963,3,20,-99.9,-99.9,-99.9
1963,3,21,-99.9,-99.9,-99.9
1963,3,22,-99.9,-99.9,-99.9
1963,3,23,-99.9,-99.9,-99.9
1963,3,24,-99.9,-99.9,-99.9
1963,3,25,-99.9,-99.9,-99.9
1963,3,26,-99.9,-99.9,-99.9
1963,3,27,-99.9,-99.9,-99.9
1963,3,28,-99.9,-99.9,-99.9
1963,3,29,-99.9,-99.9,-99.9
1963,3,30,-99.9,-99.9,-99.9
1963,3,31,-99.9,-99.9,-99.9
1963,4,1,0,34,20
1963,4,2,0,35,22
1963,4,3,1,27,16.5
1963,4,4,0,25,14
1963,4,5,0,27,10
1963,4,6,0,29,7
1963,4,7,0,34,7
1963,4,8,0,36,11
1963,4,9,0,35,13
1963,4,10,0,35,12
1963,4,11,0,33,15
1963,4,12,0,28,14
1963,4,13,0,33,19
1963,4,14,0,37,18
1963,4,15,0,37,16
1963,4,16,0,36,11
1963,4,17,0,36,16
1963,4,18,0,35,21
1963,4,19,0,30,11
1963,4,20,0,33,8
1963,4,21,0,35,8
1963,4,22,0,33,13
1963,4,23,0,33,16
1963,4,24,0,32,15
1963,4,25,0,35,11
1963,4,26,0,35,11
1963,4,27,0,34,18
1963,4,28,0,33,12
1963,4,29,0,31,10
1963,4,30,0,31,15
1963,5,1,18,30,19
1963,5,2,0,32,13
1963,5,3,0,36,11
1963,5,4,0,36,15
1963,5,5,0,28,15
1963,5,6,0,30,17
1963,5,7,0,29,18
1963,5,8,0,34,15
1963,5,9,0,37,13
1963,5,10,0,39,20
1963,5,11,7,40,20
1963,5,12,0,37,21
1963,5,13,0,38,21
1963,5,14,0,38,21
1963,5,15,0,39,24
1963,5,16,1.5,37,20
1963,5,17,3,36,18
1963,5,18,0,33,20
1963,5,19,0,32,20
1963,5,20,2.5,33,21
1963,5,21,0,35,17
1963,5,22,0,31,18
1963,5,23,0,32,18
1963,5,24,0,37,19
1963,5,25,0,37,20
1963,5,26,0,38,18
1963,5,27,0,39,17
1963,5,28,0,37,20
1963,5,29,0,38,22
1963,5,30,0,38,21
1963,5,31,0,39,22
1963,6,1,0,38.5,23.5
1963,6,2,0,37,21.5
1963,6,3,0,37,20
1963,6,4,0,39,23
1963,6,5,0,40,21
1963,6,6,0,39,21
1963,6,7,0,38,21
1963,6,8,0,37,26
1963,6,9,0,38,18
1963,6,10,0,37,18
1963,6,11,0,33,18
1963,6,12,22,32,24
1963,6,13,0,32,20
1963,6,14,0,35,21
1963,6,15,0,38,21
1963,6,16,0,37,23
1963,6,17,0,34,23
1963,6,18,1,39.5,22
1963,6,19,0,41,23
1963,6,20,0,40.5,25
1963,6,21,0,41,22
1963,6,22,0,40,23
1963,6,23,0,38,26
1963,6,24,0,38,23
1963,6,25,0,37,24
1963,6,26,0,-99.9,22
1963,6,27,0,-99.9,22
1963,6,28,0,-99.9,25
1963,6,29,0,38,24
1963,6,30,0,38,24
1963,7,1,0,36,24
1963,7,2,0,33.5,23
1963,7,3,5,35,21.5
1963,7,4,45,28,20
1963,7,5,0,31,20
1963,7,6,1,33,21
1963,7,7,6,36,22
1963,7,8,0,36,21
1963,7,9,0,37,22
1963,7,10,0,38,21
1963,7,11,0,40,23
1963,7,12,0,41,25
1963,7,13,0,41,26
1963,7,14,0,39.5,23
1963,7,15,6,42,23
1963,7,16,0,40,23
1963,7,17,0,40,25
1963,7,18,0,39,24
1963,7,19,0,-99.9,25
1963,7,20,0,-99.9,25
1963,7,21,0,-99.9,24
1963,7,22,0,-99.9,23
1963,7,23,0,40,22
1963,7,24,0,40,24
1963,7,25,0,39,26
1963,7,26,0,40,26
1963,7,27,7.5,40,30
1963,7,28,0,39,25
1963,7,29,0,38,21
1963,7,30,0,37,22
1963,7,31,1,38,22
1963,8,1,20,38,24
1963,8,2,0,37,20
1963,8,3,7,34,24
1963,8,4,2,33,20
1963,8,5,7,30,-99.9
1963,8,6,0,31,-99.9
1963,8,7,0,35,-99.9
1963,8,8,0,36,-99.9
1963,8,9,0,36,21
1963,8,10,0,35,23
1963,8,11,0,37,21
1963,8,12,0,38,22
1963,8,13,1.5,36,24
1963,8,14,6,34,21
1963,8,15,0,35,22
1963,8,16,0,36,22
1963,8,17,37,39,21
1963,8,18,0,33,21
1963,8,19,0,36,20
1963,8,20,0,35,21
1963,8,21,0,38,21
1963,8,22,1,40,22
1963,8,23,0,36,22
1963,8,24,0,37,24
1963,8,25,0,35,21
1963,8,26,0,36,21
1963,8,27,0,38,23
1963,8,28,0,39,24
1963,8,29,16,38,23
1963,8,30,0,35,21
1963,8,31,0,36,20
1963,9,1,0,35,21
1963,9,2,8,32,23
1963,9,3,0,34,20
1963,9,4,1,33,22
1963,9,5,2,29,20
1963,9,6,0,35,20
1963,9,7,0,35,21
1963,9,8,0,36,20
1963,9,9,0,-99.9,21
1963,9,10,0,-99.9,21
1963,9,11,0,-99.9,19
1963,9,12,0.5,-99.9,19
1963,9,13,0,30,20
1963,9,14,0,33,19
1963,9,15,0,33,21
1963,9,16,0,34,21
1963,9,17,0,-99.9,22
1963,9,18,0,-99.9,20
1963,9,19,0,-99.9,22
1963,9,20,0,32,22
1963,9,21,0,32,20
1963,9,22,0,29,22
1963,9,23,0,32,20
1963,9,24,0,32,18
1963,9,25,0,32,18
1963,9,26,0,31,20
1963,9,27,0,30,15
1963,9,28,0,30,15
1963,9,29,0,31,16
1963,9,30,0,29,13
1963,10,1,0,29,10
1963,10,2,0,30,11
1963,10,3,0,31,9
1963,10,4,0,30,9
1963,10,5,0,30,10
1963,10,6,0,34,12
1963,10,7,0,33,13
1963,10,8,0,34,12
1963,10,9,0,34,-99.9
1963,10,10,0,33,-99.9
1963,10,11,0,33,-99.9
1963,10,12,0,34,-99.9
1963,10,13,0,32,16
1963,10,14,0,31,17
1963,10,15,0,34,15
1963,10,16,16,32,16
1963,10,17,0,31,16
1963,10,18,3,25,15
1963,10,19,1,29,16
1963,10,20,0,30,17
1963,10,21,0,29,15
1963,10,22,0,29,17
1963,10,23,0,28,16
1963,10,24,0,29,13
1963,10,25,0,29,12
1963,10,26,0,28,12
1963,10,27,0,33,13
1963,10,28,0,29,14
1963,10,29,0,31,12
1963,10,30,0,33,12
1963,10,31,0,31,11
1963,11,1,0,18,12
1963,11,2,0,21,10
1963,11,3,0,28,8
1963,11,4,0,27,9
1963,11,5,0,26,7
1963,11,6,0,28,5
1963,11,7,2,29,5
1963,11,8,0,14,6
1963,11,9,0,24,4
1963,11,10,0,25,5
1963,11,11,0,27,5
1963,11,12,0,24,6
1963,11,13,0,27,5
1963,11,14,0,28,4
1963,11,15,0,29,5
1963,11,16,0,29,-99.9
1963,11,17,0,26,-99.9
1963,11,18,0,23,-99.9
1963,11,19,0,21,6
1963,11,20,0,24,2
1963,11,21,0,26,5
1963,11,22,0,18,6
1963,11,23,0,17,4
1963,11,24,0,24,1
1963,11,25,0,21,3
1963,11,26,26,15,4
1963,11,27,0,15,7
1963,11,28,0,19,3
1963,11,29,0,14,6
1963,11,30,0,17,2
1963,12,1,0,23,6
1963,12,2,0,15,6
1963,12,3,0,18,2
1963,12,4,0,18,1
1963,12,5,0,16,4
1963,12,6,0,22,6
1963,12,7,0,22,3
1963,12,8,0,15,3
1963,12,9,0,22,2
1963,12,10,0,23,4
1963,12,11,0,15,10
1963,12,12,0,15,2
1963,12,13,0,15,3
1963,12,14,0,12,4
1963,12,15,0,15,-1
1963,12,16,0,13,0
1963,12,17,0,18,-1
1963,12,18,0,17,0
1963,12,19,0,13,3
1963,12,20,0,20,0
1963,12,21,0,22,-1
1963,12,22,0,8,3
1963,12,23,0,12,-7
1963,12,24,0,16,-6
1963,12,25,0,19,-5
1963,12,26,0,18,-4
1963,12,27,0,19,0
1963,12,28,0,18,-3
1963,12,29,0,19,-3
1963,12,30,0,9,-2
1963,12,31,0,12,-6
1964,1,1,-99.9,-99.9,-99.9
1964,1,2,-99.9,-99.9,-99.9
1964,1,3,-99.9,-99.9,-99.9
1964,1,4,-99.9,-99.9,-99.9
1964,1,5,-99.9,-99.9,-99.9
1964,1,6,-99.9,-99.9,-99.9
1964,1,7,-99.9,-99.9,-99.9
1964,1,8,-99.9,-99.9,-99.9
1964,1,9,-99.9,-99.9,-99.9
1964,1,10,-99.9,-99.9,-99.9
1964,1,11,-99.9,-99.9,-99.9
1964,1,12,-99.9,-99.9,-99.9
1964,1,13,-99.9,-99.9,-99.9
1964,1,14,-99.9,-99.9,-99.9
1964,1,15,-99.9,-99.9,-99.9
1964,1,16,-99.9,-99.9,-99.9
1964,1,17,-99.9,-99.9,-99.9
1964,1,18,-99.9,-99.9,-99.9
1964,1,19,-99.9,-99.9,-99.9
1964,1,20,-99.9,-99.9,-99.9
1964,1,21,-99.9,-99.9,-99.9
1964,1,22,-99.9,-99.9,-99.9
1964,1,23,-99.9,-99.9,-99.9
1964,1,24,-99.9,-99.9,-99.9
1964,1,25,-99.9,-99.9,-99.9
1964,1,26,-99.9,-99.9,-99.9
1964,1,27,-99.9,-99.9,-99.9
1964,1,28,-99.9,-99.9,-99.9
1964,1,29,-99.9,-99.9,-99.9
1964,1,30,-99.9,-99.9,-99.9
1964,1,31,-99.9,-99.9,-99.9
1964,2,1,0,18,2
1964,2,2,0,23,0
1964,2,3,0,17,0
1964,2,4,0,18,0
1964,2,5,0,19,-2
1964,2,6,0,19,-3
1964,2,7,0,12,-2
1964,2,8,0,15,-6
1964,2,9,0,20,-4
1964,2,10,0,21,-5
1964,2,11,0,25,-3
1964,2,12,0,29,0
1964,2,13,0,20,6
1964,2,14,0,25,0
1964,2,15,0,15,3
1964,2,16,0,23,-5
1964,2,17,0,15,-2
1964,2,18,0,17,-3
1964,2,19,0,19,-5
1964,2,20,0,16,-4
1964,2,21,0,9,-4
1964,2,22,0,9,-5
1964,2,23,0,18,-5
1964,2,24,0,18,1
1964,2,25,0,23,2
1964,2,26,0,24,1
1964,2,27,0,18,2
1964,2,28,0,14,3
1964,2,29,0,21,2
1964,3,1,0,19,-2
1964,3,2,0,24,-1
1964,3,3,0,19,4
1964,3,4,0,18,2
1964,3,5,7.9,25,0
1964,3,6,0,25,4
1964,3,7,0,30,7
1964,3,8,0,26,17
1964,3,9,0,17,4
1964,3,10,0,24,-3
1964,3,11,0,24,0
1964,3,12,0,28,1
1964,3,13,0,20,7
1964,3,14,0,23,9
1964,3,15,0,29,0
1964,3,16,0,21,3
1964,3,17,0,23,4
1964,3,18,0,22,12
1964,3,19,0,24,10
1964,3,20,0,19,11
1964,3,21,0,21,3
1964,3,22,0,27,5
1964,3,23,0,30,6
1964,3,24,0,30,7
1964,3,25,0,23,8
1964,3,26,0,25,3
1964,3,27,0,28,4
1964,3,28,0,26,4
1964,3,29,0,27,9
1964,3,30,0,21,11
1964,3,31,0,28,11
1964,4,1,0,30,13
1964,4,2,0,32,15
1964,4,3,0,31,12
1964,4,4,0,28,6
1964,4,5,0,26,6
1964,4,6,0,30,8
1964,4,7,0,20,4
1964,4,8,0,21,7
1964,4,9,0,25,5
1964,4,10,0,32,9
1964,4,11,0,32,8
1964,4,12,0,30,9
1964,4,13,0,31,7
1964,4,14,0,30,11
1964,4,15,8,30,13
1964,4,16,0,33,15
1964,4,17,0,33,11
1964,4,18,0,35,11
1964,4,19,0,34,13
1964,4,20,0,35,16
1964,4,21,0,32,10
1964,4,22,0,32,9
1964,4,23,0,32,11
1964,4,24,0,33,9
1964,4,25,0,34,12
1964,4,26,0,28,15
1964,4,27,0,31,9
1964,4,28,0,34,10
1964,4,29,0,34,14
1964,4,30,0,32,9
1964,5,1,0,29,11
1964,5,2,0,33,7
1964,5,3,0,35,12
1964,5,4,0,36,10
1964,5,5,0,38,12
1964,5,6,0,36,15
1964,5,7,0,37,19
1964,5,8,0,29,20
1964,5,9,3,35,19
1964,5,10,0,33,17
1964,5,11,0,35,11
1964,5,12,0,33,11
1964,5,13,0,37,16
1964,5,14,0,39,21
1964,5,15,0,38,23
1964,5,16,5,36,18
1964,5,17,0,34,18
1964,5,18,6,35,21
1964,5,19,0,32,17
1964,5,20,0,30,17
1964,5,21,0,34,16
1964,5,22,0,36,20
1964,5,23,0,38,21
1964,5,24,0,30,20
1964,5,25,0,34,23
1964,5,26,0,36,21
1964,5,27,0,37,21
1964,5,28,0,37,18
1964,5,29,0,38,21
1964,5,30,0,32,14
1964,5,31,0,24,17
1964,6,1,0,30,15
1964,6,2,0,35,16
1964,6,3,0,35,18
1964,6,4,0,37,20
1964,6,5,0,39,20
1964,6,6,0,41,22
1964,6,7,0,41,22
1964,6,8,0,44,21
1964,6,9,0,44,20
1964,6,10,0,42,21
1964,6,11,0,39,22
1964,6,12,36,36,20
1964,6,13,29,34,19
1964,6,14,0,35,19
1964,6,15,0,38,21
1964,6,16,0,37,23
1964,6,17,0,40,21
1964,6,18,0,39,22
1964,6,19,0,39,-99.9
1964,6,20,3.5,38,-99.9
1964,6,21,0,36,-99.9
1964,6,22,0,36,21
1964,6,23,0,38,21
1964,6,24,0,30,22
1964,6,25,0,35,16
1964,6,26,0,34,18
1964,6,27,0,35,20
1964,6,28,0,36,22
1964,6,29,0,37,-99.9
1964,6,30,0,39,-99.9
1964,7,1,0,39,-99.9
1964,7,2,0,41,-99.9
1964,7,3,0,42,23
1964,7,4,0,39,23
1964,7,5,0,38,24
1964,7,6,0,39,24
1964,7,7,0,38,25
1964,7,8,0,38,24
1964,7,9,0,39,24
1964,7,10,0,40,24
1964,7,11,0,42,22
1964,7,12,0,37,27
1964,7,13,0,34,26
1964,7,14,0,39,22
1964,7,15,0,41,23
1964,7,16,0,40,24
1964,7,17,0,37,24
1964,7,18,0,37,23
1964,7,19,0,37,23
1964,7,20,0,39,25
1964,7,21,0,39,24
1964,7,22,0,36,23
1964,7,23,0,35,21
1964,7,24,4,34,20
1964,7,25,0,37,21
1964,7,26,0,35,21
1964,7,27,0,38,20
1964,7,28,0,38,22
1964,7,29,0,36,24
1964,7,30,0,35,23
1964,7,31,0,37,22
1964,8,1,0,37,23
1964,8,2,0,40,22
1964,8,3,0,40,21
1964,8,4,0,37,22
1964,8,5,0,38,23
1964,8,6,0,40,23
1964,8,7,0,39,24
1964,8,8,0,38,15
1964,8,9,0,34,14
1964,8,10,0,40,22
1964,8,11,0,42,25
1964,8,12,0,38,26
1964,8,13,8,40,25
1964,8,14,0,36,21
1964,8,15,3,36,23
1964,8,16,0,33,22
1964,8,17,0,37,21
1964,8,18,0,39,23
1964,8,19,0.2,40,23
1964,8,20,0,33,22
1964,8,21,0.2,36,22
1964,8,22,0,37,20
1964,8,23,0,34,23
1964,8,24,0,37,22
1964,8,25,0,39,22
1964,8,26,2,38,21
1964,8,27,0,35,20
1964,8,28,0,37,20
1964,8,29,0,39,21
1964,8,30,0,40,21
1964,8,31,0,37,21
1964,9,1,0,36,22
1964,9,2,0,36,22.5
1964,9,3,0,37,20.5
1964,9,4,0,35.5,21
1964,9,5,2.5,33.5,21.5
1964,9,6,1,37.5,21.5
1964,9,7,0,37,22.5
1964,9,8,0,38.5,18.5
1964,9,9,0,35,17.5
1964,9,10,0,38,21.5
1964,9,11,0,39,22
1964,9,12,1.5,37,22
1964,9,13,0,35,23
1964,9,14,0,34.5,20
1964,9,15,0,34.5,22
1964,9,16,0,33.5,21.5
1964,9,17,0,35.5,21.5
1964,9,18,0,36.5,21.5
1964,9,19,0,37,21
1964,9,20,0,31.5,22
1964,9,21,0,34,21
1964,9,22,0,33,21
1964,9,23,0,33,21.5
1964,9,24,0,34.5,20
1964,9,25,0,35.5,20
1964,9,26,0,33,20.5
1964,9,27,0,32.5,17.5
1964,9,28,0,33.5,17.5
1964,9,29,0,35,18
1964,9,30,0,33,17
1964,10,1,-99.9,-99.9,-99.9
1964,10,2,-99.9,-99.9,-99.9
1964,10,3,-99.9,-99.9,-99.9
1964,10,4,-99.9,-99.9,-99.9
1964,10,5,0,25,-99.9
1964,10,6,0,26,10
1964,10,7,0,28,9
1964,10,8,0,30,8
1964,10,9,0,31,7
1964,10,10,0,31,8
1964,10,11,0,25,8
1964,10,12,0,29,8
1964,10,13,0,26,11
1964,10,14,0,30,10
1964,10,15,0,33,10
1964,10,16,0,35,15
1964,10,17,0,24,14
1964,10,18,0,25,9
1964,10,19,0,22,5
1964,10,20,0,21,6
1964,10,21,0,29,13
1964,10,22,0,27,8
1964,10,23,0,29,8
1964,10,24,0,29,9
1964,10,25,0,30,8
1964,10,26,0,29,6
1964,10,27,0,29,7
1964,10,28,0,30,6
1964,10,29,0,33,6
1964,10,30,-99.9,-99.9,8
1964,10,31,-99.9,-99.9,-99.9
1964,11,1,0,30,6
1964,11,2,0,30,6
1964,11,3,0,22,7
1964,11,4,0,17,8
1964,11,5,0,19,1
1964,11,6,0,24,-1
1964,11,7,0,26,1
1964,11,8,0,29,2
1964,11,9,0,30,4
1964,11,10,0,-99.9,5
1964,11,11,0,-99.9,4
1964,11,12,0,-99.9,4
1964,11,13,0,22,1
1964,11,14,0,27,2
1964,11,15,0,30,5
1964,11,16,0,29,10
1964,11,17,0,31,10
1964,11,18,0,29,7
1964,11,19,0,29,8
1964,11,20,0,17,2
1964,11,21,0,16,1
1964,11,22,0,13,1
1964,11,23,0,21,1
1964,11,24,0,20,0
1964,11,25,0,20,1
1964,11,26,0,27,0
1964,11,27,0,25,0
1964,11,28,0,24,1
1964,11,29,0,23,0
1964,11,30,0,25,1
1964,12,1,0,23,5
1964,12,2,0,29,5
1964,12,3,0,26,17
1964,12,4,0,22,15
1964,12,5,0,14,7
1964,12,6,0,10,2
1964,12,7,0,10,3
1964,12,8,4.5,12,3
1964,12,9,0,10,5
1964,12,10,0,10,5
1964,12,11,0,17,4
1964,12,12,0,20,-2
1964,12,13,0,20,-1
1964,12,14,0,20,-5
1964,12,15,0,18,-5
1964,12,16,0,19,-2
1964,12,17,0,19,8
1964,12,18,0,18,0
1964,12,19,0,6,0
1964,12,20,0,12,1
1964,12,21,0,17,0
1964,12,22,0,22,-1
1964,12,23,0,25,0
1964,12,24,0,26,0
1964,12,25,0,25,3
1964,12,26,0,21,5
1964,12,27,0,24,2
1964,12,28,0,26,1
1964,12,29,0,26,2
1964,12,30,0,23,0
1964,12,31,0,24,0
1965,1,1,0,22,0
1965,1,2,0,14,5
1965,1,3,0,15,10
1965,1,4,0,22,10
1965,1,5,0,29,6
1965,1,6,0,20,4
1965,1,7,0,30,4
1965,1,8,0,25,12
1965,1,9,0,19,3
1965,1,10,0,12,1
1965,1,11,0,20,0
1965,1,12,0,20,2
1965,1,13,0,25,8
1965,1,14,0,24,5
1965,1,15,0,21,4
1965,1,16,0,20,9
1965,1,17,0,30,1
1965,1,18,0,33,0
1965,1,19,0,29,1
1965,1,20,0,15,6
1965,1,21,0,18,3
1965,1,22,0,18,2
1965,1,23,0,19,5
1965,1,24,0,25,0
1965,1,25,0,20,5
1965,1,26,0,20,-4
1965,1,27,0,13,-4
1965,1,28,0,17,-7
1965,1,29,0,22,-6
1965,1,30,0,24,-6
1965,1,31,0,26,-2
1965,2,1,0,24,1
1965,2,2,0,23,3
1965,2,3,6,22,7
1965,2,4,0,20,10
1965,2,5,0,21,6
1965,2,6,0,23,3
1965,2,7,0,21,4
1965,2,8,0,21,6
1965,2,9,0,17,-1
1965,2,10,0,23,2
1965,2,11,0,22,-3
1965,2,12,0,13,-4
1965,2,13,0,8,-4
1965,2,14,0,15,-9
1965,2,15,0,20,-6
1965,2,16,0,14,-4
1965,2,17,0,12,4
1965,2,18,0,14,4
1965,2,19,0,17,-2
1965,2,20,0,23,-2
1965,2,21,0,22,-1
1965,2,22,0,25,0
1965,2,23,0,25,0
1965,2,24,0,16,-4
1965,2,25,0,20,-2
1965,2,26,0,23,-2
1965,2,27,0,28,1
1965,2,28,0,27,4
1965,3,1,0,20,11
1965,3,2,0,13,10
1965,3,3,0,8,-5
1965,3,4,0,13,-6
1965,3,5,0,17,-5
1965,3,6,0,9,-3
1965,3,7,0,21,-1
1965,3,8,0,26,0
1965,3,9,0,25,3
1965,3,10,0,26,7
1965,3,11,0,25,12
1965,3,12,0,24,6
1965,3,13,0,23,4
1965,3,14,0,26,1
1965,3,15,0,29,2
1965,3,16,0,29,3
1965,3,17,0,24,3
1965,3,18,0,11,0
1965,3,19,0,11,-1
1965,3,20,0,16,-1
1965,3,21,0,26,1
1965,3,22,0,27,2
1965,3,23,0,29,8
1965,3,24,0,31,8
1965,3,25,0,33,11
1965,3,26,0,29,7
1965,3,27,0,32,5
1965,3,28,0,30,7
1965,3,29,0,36,8
1965,3,30,0,22,14
1965,3,31,0,25,11
1965,4,1,0,30,13
1965,4,2,0,37,14
1965,4,3,0,33,11
1965,4,4,0,31,13
1965,4,5,0,28,13
1965,4,6,0,37,8
1965,4,7,0,34,10
1965,4,8,0,29,11
1965,4,9,0,30,14
1965,4,10,0,38,10
1965,4,11,0,32,14
1965,4,12,0,39,8
1965,4,13,0,35,12
1965,4,14,0,36,15
1965,4,15,0,34,8
1965,4,16,0,34,9
1965,4,17,0,36,9
1965,4,18,0,37,10
1965,4,19,0,36,9
1965,4,20,0,38,11
1965,4,21,0,38,10
1965,4,22,0,40,12
1965,4,23,0,38,16
1965,4,24,0,34,17
1965,4,25,0,34,10
1965,4,26,0,31,14
1965,4,27,0,25,12
1965,4,28,0,25,14
1965,4,29,0,28,14
1965,4,30,0,35,15
1965,5,1,0,34,15
1965,5,2,0,35,14
1965,5,3,0,33,14
1965,5,4,0,40,14
1965,5,5,0,35,19
1965,5,6,0,37,11
1965,5,7,0,36,11
1965,5,8,0,34,21
1965,5,9,0,37,12
1965,5,10,0,33,10
1965,5,11,0,28,18.5
1965,5,12,0,36,17
1965,5,13,0,28,13
1965,5,14,0,37,15
1965,5,15,0,35,9
1965,5,16,0,32,18
1965,5,17,0,31,18
1965,5,18,0,34,14
1965,5,19,0,42,18
1965,5,20,0,38,22
1965,5,21,0,41,18
1965,5,22,0,35,17
1965,5,23,0,40,18
1965,5,24,0,35,15
1965,5,25,0,36,11
1965,5,26,0,36,11
1965,5,27,0,37.5,17
1965,5,28,0,37,18.5
1965,5,29,0,33,21
1965,5,30,0,36,19
1965,5,31,0,39,21.5
1965,6,1,0,37,19
1965,6,2,0,38,16
1965,6,3,0,40,17
1965,6,4,0,37,26
1965,6,5,0,36,13
1965,6,6,0,38,13
1965,6,7,0,40,18
1965,6,8,0,41,19
1965,6,9,0,40,23
1965,6,10,0,37,20
1965,6,11,0,39,18
1965,6,12,0,41,19
1965,6,13,0,40,19
1965,6,14,0,43,19
1965,6,15,0,41,24
1965,6,16,6,41,25
1965,6,17,0,39,25
1965,6,18,0,39,19
1965,6,19,0,42,20
1965,6,20,0,39,20
1965,6,21,0,41,22
1965,6,22,0,48,20
1965,6,23,0,39,21
1965,6,24,17,38,24
1965,6,25,2,49,20
1965,6,26,3,43,22
1965,6,27,0,41,22
1965,6,28,0,42,23
1965,6,29,0,42,22
1965,6,30,0,41,22
1965,7,1,0,41,22
1965,7,2,0,50,21
1965,7,3,0,48,20
1965,7,4,0,42,23
1965,7,5,0,37,-99.9
1965,7,6,0,36,-99.9
1965,7,7,0,38,-99.9
1965,7,8,0,40,24
1965,7,9,0,48,24
1965,7,10,0,49,26
1965,7,11,0,45,22
1965,7,12,0,47,25
1965,7,13,0,48,24
1965,7,14,0,47,25
1965,7,15,0,48,22
1965,7,16,0,44,24
1965,7,17,0,50,23
1965,7,18,0,48,22
1965,7,19,0,36,23
1965,7,20,0,46,23
1965,7,21,0,47,21
1965,7,22,0,43,24
1965,7,23,0,47,23
1965,7,24,0,46,23
1965,7,25,0,46,24
1965,7,26,3,38,24
1965,7,27,0,36,24
1965,7,28,0,36,19
1965,7,29,0,35,22
1965,7,30,0,35,23
1965,7,31,0,36,21
1965,8,1,0,34,25
1965,8,2,3,36,24
1965,8,3,0,34,19
1965,8,4,0,34,22
1965,8,5,0,36,24
1965,8,6,0,37,22
1965,8,7,0,39,24
1965,8,8,0,36,24
1965,8,9,0,35,23
1965,8,10,0,35,19
1965,8,11,0,35,22
1965,8,12,0,34,19
1965,8,13,0,37,20
1965,8,14,0,38,22
1965,8,15,0,38,25
1965,8,16,2,36,26
1965,8,17,0,36,20
1965,8,18,1.5,34,22
1965,8,19,1,33,21
1965,8,20,0,33,20
1965,8,21,0,33,21
1965,8,22,14,31,22
1965,8,23,3.5,29,18
1965,8,24,0,33,19
1965,8,25,0,34,20
1965,8,26,0,37,20
1965,8,27,0,39,20
1965,8,28,0,35,21
1965,8,29,0,35,23
1965,8,30,0,37,23
1965,8,31,2,36,22
1965,9,1,1,27,22
1965,9,2,12.5,32,20
1965,9,3,15.5,30,20
1965,9,4,0,33,19
1965,9,5,15,34,22
1965,9,6,16,34,22
1965,9,7,0,33,19
1965,9,8,0,34,20
1965,9,9,0,35,21
1965,9,10,0,36,20
1965,9,11,0,36,21
1965,9,12,0,37,19
1965,9,13,0,35,16
1965,9,14,0,36,21
1965,9,15,0,34,20
1965,9,16,4,33,19
1965,9,17,0,34,21
1965,9,18,0,35,20
1965,9,19,0,34,21
1965,9,20,0,34,21
1965,9,21,0,34,17
1965,9,22,0,33,14
1965,9,23,0,33,17
1965,9,24,18,31,20
1965,9,25,8,33,18
1965,9,26,0,23,17
1965,9,27,1,37,12
1965,9,28,0,33,12
1965,9,29,0,32,15
1965,9,30,0,29,17
1965,10,1,0,26,11
1965,10,2,0,27,14
1965,10,3,0,26,9
1965,10,4,0,27,8
1965,10,5,0,29,8
1965,10,6,0,34,9
1965,10,7,0,33,11
1965,10,8,0,34,11
1965,10,9,0,35,11
1965,10,10,0,35,13
1965,10,11,0,35,15
1965,10,12,0,29,15
1965,10,13,0,34,11
1965,10,14,0,36,12
1965,10,15,0,32,12
1965,10,16,0,29,11
1965,10,17,0,25,10
1965,10,18,0,34,9
1965,10,19,0,31,13
1965,10,20,0,26,10
1965,10,21,0,24,15
1965,10,22,0,28,6
1965,10,23,0,29,14
1965,10,24,0,28,7
1965,10,25,0,30,6
1965,10,26,0,21,5
1965,10,27,0,29,5
1965,10,28,0,31,8
1965,10,29,0,31,5
1965,10,30,0,28,6
1965,10,31,0,25,5
1965,11,1,0,26,6
1965,11,2,0,23,6
1965,11,3,1,25,10
1965,11,4,8.5,24,12
1965,11,5,0,20,8
1965,11,6,0,25,5
1965,11,7,0,24,7
1965,11,8,0,26,11
1965,11,9,0,20,14
1965,11,10,0,24,14
1965,11,11,0,24,12
1965,11,12,0,20,4
1965,11,13,0,28,3
1965,11,14,0,24,4
1965,11,15,0,25,5
1965,11,16,0,27,5
1965,11,17,0,30,5
1965,11,18,0,28,8
1965,11,19,0,28,9
1965,11,20,0,28,7
1965,11,21,0,26,5
1965,11,22,0,28,8
1965,11,23,0,31,7
1965,11,24,0,31,8
1965,11,25,0,30,12
1965,11,26,0,26,13
1965,11,27,0,24,7
1965,11,28,0,19,10
1965,11,29,0,15,7
1965,11,30,0,16,3
1965,12,1,10,11,8
1965,12,2,0,12,10
1965,12,3,0,18,4
1965,12,4,0,17,1
1965,12,5,0,19,-1
1965,12,6,0,20,-1
1965,12,7,0,19,2
1965,12,8,0,21,3
1965,12,9,1,23,6
1965,12,10,0,22,12
1965,12,11,0,21,5
1965,12,12,0,16,2
1965,12,13,0,18,4
1965,12,14,0,18,6
1965,12,15,0,19,1
1965,12,16,0,15,-0.1
1965,12,17,0,20,0
1965,12,18,0,16,2
1965,12,19,0,12,3
1965,12,20,0,10,-5
1965,12,21,0,17,-3
1965,12,22,0,11,1
1965,12,23,0,25,7
1965,12,24,0,15,1
1965,12,25,0,16,-5
1965,12,26,0,18,-5
1965,12,27,0,18,-4
1965,12,28,0,20,-2
1965,12,29,0,22,2
1965,12,30,0,27,3
1965,12,31,0,25,5
1966,1,1,0,23,14
1966,1,2,0,23,1
1966,1,3,0,12,1
1966,1,4,0,15,2
1966,1,5,0,18,-3
1966,1,6,0,18,-5
1966,1,7,0,19,-6
1966,1,8,0,19,-4
1966,1,9,0,22,-1
1966,1,10,0,20,-4
1966,1,11,0,21,-3
1966,1,12,0,21,-1
1966,1,13,0,21,0
1966,1,14,0,13,-5
1966,1,15,0,18,-5
1966,1,16,0,10,-5
1966,1,17,0,6,-1
1966,1,18,0,9,1
1966,1,19,0,17,-2
1966,1,20,0,15,-3
1966,1,21,0,13,1
1966,1,22,0,9,-4
1966,1,23,0,10,-6
1966,1,24,0,12,-3
1966,1,25,0,15,-5
1966,1,26,0,13,-7
1966,1,27,0,19,-7
1966,1,28,0,11,-3
1966,1,29,0,19,-4
1966,1,30,0,18,-3
1966,1,31,0,19,0
1966,2,1,0,19,-1
1966,2,2,0,17,-3
1966,2,3,0,16,-2
1966,2,4,0,20,-2
1966,2,5,0,25,-1
1966,2,6,0,25,0
1966,2,7,0,24,6
1966,2,8,0,19,7
1966,2,9,2,11,2
1966,2,10,0,13,-2
1966,2,11,0,14,-2
1966,2,12,0,19,-3
1966,2,13,0,18,-1
1966,2,14,0,18,1
1966,2,15,0,22,-2
1966,2,16,0,11,0
1966,2,17,0,20,0
1966,2,18,0,22,-4
1966,2,19,0,25,-4
1966,2,20,0,27,-2
1966,2,21,0,18,-2
1966,2,22,0,14,0
1966,2,23,0,15,0
1966,2,24,0,13,1
1966,2,25,0,21,2
1966,2,26,0,25,4
1966,2,27,0,17,7
1966,2,28,0,24,-1
1966,3,1,0,27,1
1966,3,2,0,25,3
1966,3,3,0,17,5
1966,3,4,0,18,-2
1966,3,5,0,17,-6
1966,3,6,0,18,-1
1966,3,7,0,23,4
1966,3,8,0,27,2
1966,3,9,0,30,5
1966,3,10,0,32,7
1966,3,11,0,34,6
1966,3,12,0,27,10
1966,3,13,0,29,7
1966,3,14,0,29,6
1966,3,15,0,30,6
1966,3,16,0,34,5
1966,3,17,0,32,7
1966,3,18,0,30,7
1966,3,19,0,41,10
1966,3,20,0,35,13
1966,3,21,0,32,5
1966,3,22,0,29,8
1966,3,23,0,18,7
1966,3,24,0,21,7
1966,3,25,0,26,11
1966,3,26,0,32,6
1966,3,27,0,34,9
1966,3,28,0,26,9
1966,3,29,0,24,11
1966,3,30,0,33,4
1966,3,31,0,38,5
1966,4,1,0,34,5
1966,4,2,0,35,9
1966,4,3,0,33,12
1966,4,4,0,29,13
1966,4,5,0,31,11
1966,4,6,0,31,12
1966,4,7,0,41,12
1966,4,8,0,40,14
1966,4,9,0,39,15
1966,4,10,0,41,10
1966,4,11,0,39,10
1966,4,12,0,40,8
1966,4,13,0,40,8
1966,4,14,0,21,12
1966,4,15,0,24,14
1966,4,16,0,28,11
1966,4,17,2,35,14
1966,4,18,0,35,7
1966,4,19,0,39,10
1966,4,20,0,31,11
1966,4,21,0,34,14
1966,4,22,0,41,-99.9
1966,4,23,0,33,-99.9
1966,4,24,0,27,-99.9
1966,4,25,0,32,8
1966,4,26,0,40,9
1966,4,27,0,43,11
1966,4,28,0,39,10
1966,4,29,0,42,14
1966,4,30,0,38,17
1966,5,1,0,32,15
1966,5,2,0,18,14
1966,5,3,0,28,13
1966,5,4,0,29,14
1966,5,5,0,37,16
1966,5,6,0,38,14
1966,5,7,0,44,15
1966,5,8,0,47,12
1966,5,9,0,43,15
1966,5,10,0,39,15
1966,5,11,0,40,19
1966,5,12,0,42,12
1966,5,13,0,43,15
1966,5,14,0,43,17
1966,5,15,0,49,19
1966,5,16,0,41,19
1966,5,17,0,31,20
1966,5,18,0,35,19
1966,5,19,0,35,12
1966,5,20,0,47,14
1966,5,21,0,43,16
1966,5,22,0,45,18
1966,5,23,0,39,15
1966,5,24,13.5,44,22
1966,5,25,0,33,22
1966,5,26,0,33,16
1966,5,27,0,45,15
1966,5,28,0,44,17
1966,5,29,0,43,17
1966,5,30,0,45,18
1966,5,31,0,45,22
1966,6,1,0,46,24
1966,6,2,0,44,20
1966,6,3,0,42,21
1966,6,4,0,44,20
1966,6,5,0,47,22
1966,6,6,0,47,18
1966,6,7,0,46,20
1966,6,8,0,46,20
1966,6,9,0,46,20
1966,6,10,7,44,21
1966,6,11,0,46,18
1966,6,12,0,47,16
1966,6,13,0,47,19
1966,6,14,0,44,25
1966,6,15,0,44,21
1966,6,16,0,48,21
1966,6,17,0,40,20
1966,6,18,0,46,21
1966,6,19,3,44,23
1966,6,20,9,37,19
1966,6,21,0,41,19
1966,6,22,0,45,20
1966,6,23,0,44,22
1966,6,24,0,33,24
1966,6,25,20,30,20
1966,6,26,14,34,20
1966,6,27,5.5,32,20
1966,6,28,0,42,21
1966,6,29,0,40,20
1966,6,30,0,30,19
1966,7,1,0,40,19
1966,7,2,0,40,22
1966,7,3,0,40,21
1966,7,4,0,43,20
1966,7,5,0,43,22
1966,7,6,0,41,24
1966,7,7,0,40,18
1966,7,8,0,35,17
1966,7,9,2,38,16
1966,7,10,16,37,19
1966,7,11,1,40,21
1966,7,12,0,42,21
1966,7,13,0,43,21
1966,7,14,0,44,23
1966,7,15,0,43,23
1966,7,16,0,43,23
1966,7,17,0,39,24
1966,7,18,5,41,23
1966,7,19,0,43,20
1966,7,20,0,40,24
1966,7,21,0,40,25
1966,7,22,0,38,24
1966,7,23,0,37,24
1966,7,24,0,37,26
1966,7,25,0,37,24
1966,7,26,0,38,26
1966,7,27,7.5,35,23
1966,7,28,1,35,21
1966,7,29,0,36,21
1966,7,30,0,36,21
1966,7,31,0,38,23
1966,8,1,0,39,22
1966,8,2,0,45,25
1966,8,3,0,33,26
1966,8,4,0,35,23
1966,8,5,0,39,21
1966,8,6,0,34,23
1966,8,7,0,34,23
1966,8,8,0,33,21
1966,8,9,0,36,22
1966,8,10,0,36,22
1966,8,11,0,37,23
1966,8,12,0,36,22
1966,8,13,0,34,21
1966,8,14,10,33,20
1966,8,15,0,33,21
1966,8,16,0,33,20
1966,8,17,0,28,20
1966,8,18,18.5,31,21
1966,8,19,0,31,20
1966,8,20,1,32,20
1966,8,21,11,31,21
1966,8,22,6,29,20
1966,8,23,36.5,33,20
1966,8,24,0,25,18
1966,8,25,0,21,19
1966,8,26,0,29,18
1966,8,27,0,31,18
1966,8,28,0,34,17
1966,8,29,0,33,20
1966,8,30,0,33,22
1966,8,31,0,33,23
1966,9,1,0,32,20
1966,9,2,0,32,20
1966,9,3,0,31,20
1966,9,4,0,31,21
1966,9,5,1,29,21
1966,9,6,2,29,19
1966,9,7,0,28,17
1966,9,8,0,28,19
1966,9,9,0,29,-99.9
1966,9,10,0,29,-99.9
1966,9,11,17,31,-99.9
1966,9,12,0,31,18
1966,9,13,0,32,19
1966,9,14,1,35,19
1966,9,15,5,32,21
1966,9,16,0,31,18
1966,9,17,0,32,19
1966,9,18,0,34,20
1966,9,19,0,33,19
1966,9,20,0,30,19
1966,9,21,0,31,18
1966,9,22,0,31,17
1966,9,23,0,29,17
1966,9,24,0,32,14
1966,9,25,0,35,15
1966,9,26,0,35,16
1966,9,27,1,32,16
1966,9,28,0,33,19
1966,9,29,0,32,20
1966,9,30,0,30,15
1966,10,1,0,22,12
1966,10,2,0,32,12
1966,10,3,0,30,12
1966,10,4,0,23,14
1966,10,5,15,16,15
1966,10,6,7,19,13
1966,10,7,7,27,13
1966,10,8,0,29,15
1966,10,9,0,30,17
1966,10,10,0,29,17
1966,10,11,0,30,15
1966,10,12,0,32,16
1966,10,13,0,31,13
1966,10,14,0,28,10
1966,10,15,0,22,11
1966,10,16,0,23,10
1966,10,17,0,22,10
1966,10,18,0,22,11
1966,10,19,0,22,6
1966,10,20,0,25,4
1966,10,21,0,30,7
1966,10,22,0,28,8
1966,10,23,0,28,9
1966,10,24,0,22,10
1966,10,25,0,22,4
1966,10,26,0,24,4
1966,10,27,0,26,4
1966,10,28,0,24,3
1966,10,29,0,24,6
1966,10,30,0,25,8
1966,10,31,0,26,4
1966,11,1,0,15,6
1966,11,2,0,19,-1
1966,11,3,0,25,-1
1966,11,4,0,21,3
1966,11,5,0,22,4
1966,11,6,0,26,5
1966,11,7,0,25,6
1966,11,8,0,27,8
1966,11,9,0,23,4
1966,11,10,0,22,3
1966,11,11,0,21,2
1966,11,12,0,22,4
1966,11,13,0,20,3
1966,11,14,0,24,3
1966,11,15,0,26,4
1966,11,16,0,29,4
1966,11,17,0,28,8
1966,11,18,0,27,6
1966,11,19,0,24,5
1966,11,20,0,25,5
1966,11,21,0,25,4
1966,11,22,0,28,5
1966,11,23,0,26,8
1966,11,24,0,26,6
1966,11,25,0,25,7
1966,11,26,0,21,9
1966,11,27,0,22,0
1966,11,28,0,17,-2
1966,11,29,0,22,-2
1966,11,30,0,19,1
1966,12,1,0,24,-1
1966,12,2,0,25,1
1966,12,3,0,23,0
1966,12,4,0,23,2
1966,12,5,0,24,1
1966,12,6,0,26,1
1966,12,7,0,26,2
1966,12,8,0,20,3
1966,12,9,0,15,2
1966,12,10,0,14,-2
1966,12,11,0,9,-4
1966,12,12,0,15,-9
1966,12,13,0,14,-6
1966,12,14,0,15,-6
1966,12,15,0,16,-4
1966,12,16,0,16,-2
1966,12,17,0,18,-6
1966,12,18,0,17,-5
1966,12,19,0,18,-8
1966,12,20,0,19,-8
1966,12,21,0,22,-8
1966,12,22,0,21,-2
1966,12,23,0,17,2
1966,12,24,0,17,-2
1966,12,25,0,17,-3
1966,12,26,0,21,-2
1966,12,27,0,16,0
1966,12,28,0,11,-4
1966,12,29,0,9,-5
1966,12,30,0,13,-7
1966,12,31,0,14,-6
1967,1,1,0,15,-6
1967,1,2,0,15,-5
1967,1,3,0,10,-2
1967,1,4,0,13,-9
1967,1,5,0,17,-8
1967,1,6,0,22,-6
1967,1,7,0,9,-3
1967,1,8,0,4,-4
1967,1,9,0,7,-9
1967,1,10,0,4,-8
1967,1,11,0,10,-3
1967,1,12,0,15,-5
1967,1,13,0,18,-3
1967,1,14,0,20,-3
1967,1,15,0,13,-3
1967,1,16,0,22,-5
1967,1,17,0,13,-3
1967,1,18,0,16,-4
1967,1,19,0,11,-3
1967,1,20,0,22,-4
1967,1,21,0,23,-3
1967,1,22,0,25,-3
1967,1,23,0,25,-2
1967,1,24,0,21,-2
1967,1,25,0,17,0
1967,1,26,0,24,-4
1967,1,27,0,19,-3
1967,1,28,0,23,-2
1967,1,29,0,27,-1
1967,1,30,0,22,-1
1967,1,31,0,24,1
1967,2,1,-99.9,-99.9,-99.9
1967,2,2,-99.9,-99.9,-99.9
1967,2,3,-99.9,-99.9,-99.9
1967,2,4,-99.9,-99.9,-99.9
1967,2,5,-99.9,-99.9,-99.9
1967,2,6,-99.9,-99.9,-99.9
1967,2,7,-99.9,-99.9,-99.9
1967,2,8,-99.9,-99.9,-99.9
1967,2,9,-99.9,-99.9,-99.9
1967,2,10,-99.9,-99.9,-99.9
1967,2,11,-99.9,-99.9,-99.9
1967,2,12,-99.9,-99.9,-99.9
1967,2,13,-99.9,-99.9,-99.9
1967,2,14,-99.9,-99.9,-99.9
1967,2,15,-99.9,-99.9,-99.9
1967,2,16,-99.9,-99.9,-99.9
1967,2,17,-99.9,-99.9,-99.9
1967,2,18,-99.9,-99.9,-99.9
1967,2,19,-99.9,-99.9,-99.9
1967,2,20,-99.9,-99.9,-99.9
1967,2,21,-99.9,-99.9,-99.9
1967,2,22,-99.9,-99.9,-99.9
1967,2,23,-99.9,-99.9,-99.9
1967,2,24,-99.9,-99.9,-99.9
1967,2,25,-99.9,-99.9,-99.9
1967,2,26,-99.9,-99.9,-99.9
1967,2,27,-99.9,-99.9,-99.9
1967,2,28,-99.9,-99.9,-99.9
1967,3,1,-99.9,-99.9,-99.9
1967,3,2,-99.9,-99.9,-99.9
1967,3,3,-99.9,-99.9,-99.9
1967,3,4,-99.9,-99.9,-99.9
1967,3,5,-99.9,-99.9,-99.9
1967,3,6,-99.9,-99.9,-99.9
1967,3,7,-99.9,-99.9,-99.9
1967,3,8,-99.9,-99.9,-99.9
1967,3,9,-99.9,-99.9,-99.9
1967,3,10,-99.9,-99.9,-99.9
1967,3,11,-99.9,-99.9,-99.9
1967,3,12,-99.9,-99.9,-99.9
1967,3,13,-99.9,-99.9,-99.9
1967,3,14,-99.9,-99.9,-99.9
1967,3,15,-99.9,-99.9,-99.9
1967,3,16,-99.9,-99.9,-99.9
1967,3,17,-99.9,-99.9,-99.9
1967,3,18,-99.9,-99.9,-99.9
1967,3,19,-99.9,-99.9,-99.9
1967,3,20,-99.9,-99.9,-99.9
1967,3,21,-99.9,-99.9,-99.9
1967,3,22,-99.9,-99.9,-99.9
1967,3,23,-99.9,-99.9,-99.9
1967,3,24,-99.9,-99.9,-99.9
1967,3,25,-99.9,-99.9,-99.9
1967,3,26,-99.9,-99.9,-99.9
1967,3,27,-99.9,-99.9,-99.9
1967,3,28,-99.9,-99.9,-99.9
1967,3,29,-99.9,-99.9,-99.9
1967,3,30,-99.9,-99.9,-99.9
1967,3,31,-99.9,-99.9,-99.9
1967,4,1,-99.9,-99.9,-99.9
1967,4,2,-99.9,-99.9,-99.9
1967,4,3,-99.9,-99.9,-99.9
1967,4,4,-99.9,-99.9,-99.9
1967,4,5,-99.9,-99.9,-99.9
1967,4,6,-99.9,-99.9,-99.9
1967,4,7,-99.9,-99.9,-99.9
1967,4,8,-99.9,-99.9,-99.9
1967,4,9,-99.9,-99.9,-99.9
1967,4,10,-99.9,-99.9,-99.9
1967,4,11,-99.9,-99.9,-99.9
1967,4,12,-99.9,-99.9,-99.9
1967,4,13,-99.9,-99.9,-99.9
1967,4,14,-99.9,-99.9,-99.9
1967,4,15,-99.9,-99.9,-99.9
1967,4,16,-99.9,-99.9,-99.9
1967,4,17,-99.9,-99.9,-99.9
1967,4,18,-99.9,-99.9,-99.9
1967,4,19,-99.9,-99.9,-99.9
1967,4,20,-99.9,-99.9,-99.9
1967,4,21,-99.9,-99.9,-99.9
1967,4,22,-99.9,-99.9,-99.9
1967,4,23,-99.9,-99.9,-99.9
1967,4,24,-99.9,-99.9,-99.9
1967,4,25,-99.9,-99.9,-99.9
1967,4,26,-99.9,-99.9,-99.9
1967,4,27,-99.9,-99.9,-99.9
1967,4,28,-99.9,-99.9,-99.9
1967,4,29,-99.9,-99.9,-99.9
1967,4,30,-99.9,-99.9,-99.9
1967,5,1,-99.9,-99.9,-99.9
1967,5,2,-99.9,-99.9,-99.9
1967,5,3,-99.9,-99.9,-99.9
1967,5,4,-99.9,-99.9,-99.9
1967,5,5,-99.9,-99.9,-99.9
1967,5,6,-99.9,-99.9,-99.9
1967,5,7,-99.9,-99.9,-99.9
1967,5,8,-99.9,-99.9,-99.9
1967,5,9,-99.9,-99.9,-99.9
1967,5,10,-99.9,-99.9,-99.9
1967,5,11,-99.9,-99.9,-99.9
1967,5,12,-99.9,-99.9,-99.9
1967,5,13,-99.9,-99.9,-99.9
1967,5,14,-99.9,-99.9,-99.9
1967,5,15,-99.9,-99.9,-99.9
1967,5,16,-99.9,-99.9,-99.9
1967,5,17,-99.9,-99.9,-99.9
1967,5,18,-99.9,-99.9,-99.9
1967,5,19,-99.9,-99.9,-99.9
1967,5,20,-99.9,-99.9,-99.9
1967,5,21,-99.9,-99.9,-99.9
1967,5,22,-99.9,-99.9,-99.9
1967,5,23,-99.9,-99.9,-99.9
1967,5,24,-99.9,-99.9,-99.9
1967,5,25,-99.9,-99.9,-99.9
1967,5,26,-99.9,-99.9,-99.9
1967,5,27,-99.9,-99.9,-99.9
1967,5,28,-99.9,-99.9,-99.9
1967,5,29,-99.9,-99.9,-99.9
1967,5,30,-99.9,-99.9,-99.9
1967,5,31,-99.9,-99.9,-99.9
1967,6,1,-99.9,-99.9,-99.9
1967,6,2,-99.9,-99.9,-99.9
1967,6,3,-99.9,-99.9,-99.9
1967,6,4,-99.9,-99.9,-99.9
1967,6,5,-99.9,-99.9,-99.9
1967,6,6,-99.9,-99.9,-99.9
1967,6,7,-99.9,-99.9,-99.9
1967,6,8,-99.9,-99.9,-99.9
1967,6,9,-99.9,-99.9,-99.9
1967,6,10,-99.9,-99.9,-99.9
1967,6,11,-99.9,-99.9,-99.9
1967,6,12,-99.9,-99.9,-99.9
1967,6,13,-99.9,-99.9,-99.9
1967,6,14,-99.9,-99.9,-99.9
1967,6,15,-99.9,-99.9,-99.9
1967,6,16,-99.9,-99.9,-99.9
1967,6,17,-99.9,-99.9,-99.9
1967,6,18,-99.9,-99.9,-99.9
1967,6,19,-99.9,-99.9,-99.9
1967,6,20,-99.9,-99.9,-99.9
1967,6,21,-99.9,-99.9,-99.9
1967,6,22,-99.9,-99.9,-99.9
1967,6,23,-99.9,-99.9,-99.9
1967,6,24,-99.9,-99.9,-99.9
1967,6,25,-99.9,-99.9,-99.9
1967,6,26,-99.9,-99.9,-99.9
1967,6,27,-99.9,-99.9,-99.9
1967,6,28,-99.9,-99.9,-99.9
1967,6,29,-99.9,-99.9,-99.9
1967,6,30,-99.9,-99.9,-99.9
1967,7,1,-99.9,-99.9,-99.9
1967,7,2,-99.9,-99.9,-99.9
1967,7,3,-99.9,-99.9,-99.9
1967,7,4,-99.9,-99.9,-99.9
1967,7,5,-99.9,-99.9,-99.9
1967,7,6,-99.9,-99.9,-99.9
1967,7,7,-99.9,-99.9,-99.9
1967,7,8,-99.9,-99.9,-99.9
1967,7,9,-99.9,-99.9,-99.9
1967,7,10,-99.9,-99.9,-99.9
1967,7,11,-99.9,-99.9,-99.9
1967,7,12,-99.9,-99.9,-99.9
1967,7,13,-99.9,-99.9,-99.9
1967,7,14,-99.9,-99.9,-99.9
1967,7,15,-99.9,-99.9,-99.9
1967,7,16,-99.9,-99.9,-99.9
1967,7,17,-99.9,-99.9,-99.9
1967,7,18,-99.9,-99.9,-99.9
1967,7,19,-99.9,-99.9,-99.9
1967,7,20,-99.9,-99.9,-99.9
1967,7,21,-99.9,-99.9,-99.9
1967,7,22,-99.9,-99.9,-99.9
1967,7,23,-99.9,-99.9,-99.9
1967,7,24,-99.9,-99.9,-99.9
1967,7,25,-99.9,-99.9,-99.9
1967,7,26,-99.9,-99.9,-99.9
1967,7,27,-99.9,-99.9,-99.9
1967,7,28,-99.9,-99.9,-99.9
1967,7,29,-99.9,-99.9,-99.9
1967,7,30,-99.9,-99.9,-99.9
1967,7,31,-99.9,-99.9,-99.9
1967,8,1,-99.9,-99.9,-99.9
1967,8,2,-99.9,-99.9,-99.9
1967,8,3,-99.9,-99.9,-99.9
1967,8,4,-99.9,-99.9,-99.9
1967,8,5,-99.9,-99.9,-99.9
1967,8,6,-99.9,-99.9,-99.9
1967,8,7,-99.9,-99.9,-99.9
1967,8,8,-99.9,-99.9,-99.9
1967,8,9,-99.9,-99.9,-99.9
1967,8,10,-99.9,-99.9,-99.9
1967,8,11,-99.9,-99.9,-99.9
1967,8,12,-99.9,-99.9,-99.9
1967,8,13,-99.9,-99.9,-99.9
1967,8,14,-99.9,-99.9,-99.9
1967,8,15,-99.9,-99.9,-99.9
1967,8,16,-99.9,-99.9,-99.9
1967,8,17,-99.9,-99.9,-99.9
1967,8,18,-99.9,-99.9,-99.9
1967,8,19,-99.9,-99.9,-99.9
1967,8,20,-99.9,-99.9,-99.9
1967,8,21,-99.9,-99.9,-99.9
1967,8,22,-99.9,-99.9,-99.9
1967,8,23,-99.9,-99.9,-99.9
1967,8,24,-99.9,-99.9,-99.9
1967,8,25,-99.9,-99.9,-99.9
1967,8,26,-99.9,-99.9,-99.9
1967,8,27,-99.9,-99.9,-99.9
1967,8,28,-99.9,-99.9,-99.9
1967,8,29,-99.9,-99.9,-99.9
1967,8,30,-99.9,-99.9,-99.9
1967,8,31,-99.9,-99.9,-99.9
1967,9,1,-99.9,-99.9,-99.9
1967,9,2,-99.9,-99.9,-99.9
1967,9,3,-99.9,-99.9,-99.9
1967,9,4,-99.9,-99.9,-99.9
1967,9,5,-99.9,-99.9,-99.9
1967,9,6,-99.9,-99.9,-99.9
1967,9,7,-99.9,-99.9,-99.9
1967,9,8,-99.9,-99.9,-99.9
1967,9,9,-99.9,-99.9,-99.9
1967,9,10,-99.9,-99.9,-99.9
1967,9,11,-99.9,-99.9,-99.9
1967,9,12,-99.9,-99.9,-99.9
1967,9,13,-99.9,-99.9,-99.9
1967,9,14,-99.9,-99.9,-99.9
1967,9,15,-99.9,-99.9,-99.9
1967,9,16,-99.9,-99.9,-99.9
1967,9,17,-99.9,-99.9,-99.9
1967,9,18,-99.9,-99.9,-99.9
1967,9,19,-99.9,-99.9,-99.9
1967,9,20,-99.9,-99.9,-99.9
1967,9,21,-99.9,-99.9,-99.9
1967,9,22,-99.9,-99.9,-99.9
1967,9,23,-99.9,-99.9,-99.9
1967,9,24,-99.9,-99.9,-99.9
1967,9,25,-99.9,-99.9,-99.9
1967,9,26,-99.9,-99.9,-99.9
1967,9,27,-99.9,-99.9,-99.9
1967,9,28,-99.9,-99.9,-99.9
1967,9,29,-99.9,-99.9,-99.9
1967,9,30,-99.9,-99.9,-99.9
1967,10,1,-99.9,-99.9,-99.9
1967,10,2,-99.9,-99.9,-99.9
1967,10,3,-99.9,-99.9,-99.9
1967,10,4,-99.9,-99.9,-99.9
1967,10,5,-99.9,-99.9,-99.9
1967,10,6,-99.9,-99.9,-99.9
1967,10,7,-99.9,-99.9,-99.9
1967,10,8,-99.9,-99.9,-99.9
1967,10,9,-99.9,-99.9,-99.9
1967,10,10,-99.9,-99.9,-99.9
1967,10,11,-99.9,-99.9,-99.9
1967,10,12,-99.9,-99.9,-99.9
1967,10,13,-99.9,-99.9,-99.9
1967,10,14,-99.9,-99.9,-99.9
1967,10,15,-99.9,-99.9,-99.9
1967,10,16,-99.9,-99.9,-99.9
1967,10,17,-99.9,-99.9,-99.9
1967,10,18,-99.9,-99.9,-99.9
1967,10,19,-99.9,-99.9,-99.9
1967,10,20,-99.9,-99.9,-99.9
1967,10,21,-99.9,-99.9,-99.9
1967,10,22,-99.9,-99.9,-99.9
1967,10,23,-99.9,-99.9,-99.9
1967,10,24,-99.9,-99.9,-99.9
1967,10,25,-99.9,-99.9,-99.9
1967,10,26,-99.9,-99.9,-99.9
1967,10,27,-99.9,-99.9,-99.9
1967,10,28,-99.9,-99.9,-99.9
1967,10,29,-99.9,-99.9,-99.9
1967,10,30,-99.9,-99.9,-99.9
1967,10,31,-99.9,-99.9,-99.9
1967,11,1,-99.9,-99.9,-99.9
1967,11,2,-99.9,-99.9,-99.9
1967,11,3,-99.9,-99.9,-99.9
1967,11,4,-99.9,-99.9,-99.9
1967,11,5,-99.9,-99.9,-99.9
1967,11,6,-99.9,-99.9,-99.9
1967,11,7,-99.9,-99.9,-99.9
1967,11,8,-99.9,-99.9,-99.9
1967,11,9,-99.9,-99.9,-99.9
1967,11,10,-99.9,-99.9,-99.9
1967,11,11,-99.9,-99.9,-99.9
1967,11,12,-99.9,-99.9,-99.9
1967,11,13,-99.9,-99.9,-99.9
1967,11,14,-99.9,-99.9,-99.9
1967,11,15,-99.9,-99.9,-99.9
1967,11,16,-99.9,-99.9,-99.9
1967,11,17,-99.9,-99.9,-99.9
1967,11,18,-99.9,-99.9,-99.9
1967,11,19,-99.9,-99.9,-99.9
1967,11,20,-99.9,-99.9,-99.9
1967,11,21,-99.9,-99.9,-99.9
1967,11,22,-99.9,-99.9,-99.9
1967,11,23,-99.9,-99.9,-99.9
1967,11,24,-99.9,-99.9,-99.9
1967,11,25,-99.9,-99.9,-99.9
1967,11,26,-99.9,-99.9,-99.9
1967,11,27,-99.9,-99.9,-99.9
1967,11,28,-99.9,-99.9,-99.9
1967,11,29,-99.9,-99.9,-99.9
1967,11,30,-99.9,-99.9,-99.9
1967,12,1,-99.9,-99.9,-99.9
1967,12,2,-99.9,-99.9,-99.9
1967,12,3,-99.9,-99.9,-99.9
1967,12,4,-99.9,-99.9,-99.9
1967,12,5,-99.9,-99.9,-99.9
1967,12,6,-99.9,-99.9,-99.9
1967,12,7,-99.9,-99.9,-99.9
1967,12,8,-99.9,-99.9,-99.9
1967,12,9,-99.9,-99.9,-99.9
1967,12,10,-99.9,-99.9,-99.9
1967,12,11,-99.9,-99.9,-99.9
1967,12,12,-99.9,-99.9,-99.9
1967,12,13,-99.9,-99.9,-99.9
1967,12,14,-99.9,-99.9,-99.9
1967,12,15,-99.9,-99.9,-99.9
1967,12,16,-99.9,-99.9,-99.9
1967,12,17,-99.9,-99.9,-99.9
1967,12,18,-99.9,-99.9,-99.9
1967,12,19,-99.9,-99.9,-99.9
1967,12,20,-99.9,-99.9,-99.9
1967,12,21,-99.9,-99.9,-99.9
1967,12,22,-99.9,-99.9,-99.9
1967,12,23,-99.9,-99.9,-99.9
1967,12,24,-99.9,-99.9,-99.9
1967,12,25,-99.9,-99.9,-99.9
1967,12,26,-99.9,-99.9,-99.9
1967,12,27,-99.9,-99.9,-99.9
1967,12,28,-99.9,-99.9,-99.9
1967,12,29,-99.9,-99.9,-99.9
1967,12,30,-99.9,-99.9,-99.9
1967,12,31,-99.9,-99.9,-99.9
1968,1,1,-99.9,-99.9,-99.9
1968,1,2,-99.9,-99.9,-99.9
1968,1,3,-99.9,-99.9,-99.9
1968,1,4,-99.9,-99.9,-99.9
1968,1,5,-99.9,-99.9,-99.9
1968,1,6,-99.9,-99.9,-99.9
1968,1,7,-99.9,-99.9,-99.9
1968,1,8,-99.9,-99.9,-99.9
1968,1,9,-99.9,-99.9,-99.9
1968,1,10,-99.9,-99.9,-99.9
1968,1,11,-99.9,-99.9,-99.9
1968,1,12,-99.9,-99.9,-99.9
1968,1,13,-99.9,-99.9,-99.9
1968,1,14,-99.9,-99.9,-99.9
1968,1,15,-99.9,-99.9,-99.9
1968,1,16,-99.9,-99.9,-99.9
1968,1,17,-99.9,-99.9,-99.9
1968,1,18,-99.9,-99.9,-99.9
1968,1,19,-99.9,-99.9,-99.9
1968,1,20,-99.9,-99.9,-99.9
1968,1,21,-99.9,-99.9,-99.9
1968,1,22,-99.9,-99.9,-99.9
1968,1,23,-99.9,-99.9,-99.9
1968,1,24,-99.9,-99.9,-99.9
1968,1,25,-99.9,-99.9,-99.9
1968,1,26,-99.9,-99.9,-99.9
1968,1,27,-99.9,-99.9,-99.9
1968,1,28,-99.9,-99.9,-99.9
1968,1,29,-99.9,-99.9,-99.9
1968,1,30,-99.9,-99.9,-99.9
1968,1,31,-99.9,-99.9,-99.9
1968,2,1,-99.9,-99.9,-99.9
1968,2,2,-99.9,-99.9,-99.9
1968,2,3,-99.9,-99.9,-99.9
1968,2,4,-99.9,-99.9,-99.9
1968,2,5,-99.9,-99.9,-99.9
1968,2,6,-99.9,-99.9,-99.9
1968,2,7,-99.9,-99.9,-99.9
1968,2,8,-99.9,-99.9,-99.9
1968,2,9,-99.9,-99.9,-99.9
1968,2,10,-99.9,-99.9,-99.9
1968,2,11,-99.9,-99.9,-99.9
1968,2,12,-99.9,-99.9,-99.9
1968,2,13,-99.9,-99.9,-99.9
1968,2,14,-99.9,-99.9,-99.9
1968,2,15,-99.9,-99.9,-99.9
1968,2,16,-99.9,-99.9,-99.9
1968,2,17,-99.9,-99.9,-99.9
1968,2,18,-99.9,-99.9,-99.9
1968,2,19,-99.9,-99.9,-99.9
1968,2,20,-99.9,-99.9,-99.9
1968,2,21,-99.9,-99.9,-99.9
1968,2,22,-99.9,-99.9,-99.9
1968,2,23,-99.9,-99.9,-99.9
1968,2,24,-99.9,-99.9,-99.9
1968,2,25,-99.9,-99.9,-99.9
1968,2,26,-99.9,-99.9,-99.9
1968,2,27,-99.9,-99.9,-99.9
1968,2,28,-99.9,-99.9,-99.9
1968,2,29,-99.9,-99.9,-99.9
1968,3,1,-99.9,-99.9,-99.9
1968,3,2,-99.9,-99.9,-99.9
1968,3,3,-99.9,-99.9,-99.9
1968,3,4,-99.9,-99.9,-99.9
1968,3,5,-99.9,-99.9,-99.9
1968,3,6,-99.9,-99.9,-99.9
1968,3,7,-99.9,-99.9,-99.9
1968,3,8,-99.9,-99.9,-99.9
1968,3,9,-99.9,-99.9,-99.9
1968,3,10,-99.9,-99.9,-99.9
1968,3,11,-99.9,-99.9,-99.9
1968,3,12,-99.9,-99.9,-99.9
1968,3,13,-99.9,-99.9,-99.9
1968,3,14,-99.9,-99.9,-99.9
1968,3,15,-99.9,-99.9,-99.9
1968,3,16,-99.9,-99.9,-99.9
1968,3,17,-99.9,-99.9,-99.9
1968,3,18,-99.9,-99.9,-99.9
1968,3,19,-99.9,-99.9,-99.9
1968,3,20,-99.9,-99.9,-99.9
1968,3,21,-99.9,-99.9,-99.9
1968,3,22,-99.9,-99.9,-99.9
1968,3,23,-99.9,-99.9,-99.9
1968,3,24,-99.9,-99.9,-99.9
1968,3,25,-99.9,-99.9,-99.9
1968,3,26,-99.9,-99.9,-99.9
1968,3,27,-99.9,-99.9,-99.9
1968,3,28,-99.9,-99.9,-99.9
1968,3,29,-99.9,-99.9,-99.9
1968,3,30,-99.9,-99.9,-99.9
1968,3,31,-99.9,-99.9,-99.9
1968,4,1,-99.9,-99.9,-99.9
1968,4,2,-99.9,-99.9,-99.9
1968,4,3,-99.9,-99.9,-99.9
1968,4,4,-99.9,-99.9,-99.9
1968,4,5,-99.9,-99.9,-99.9
1968,4,6,-99.9,-99.9,-99.9
1968,4,7,-99.9,-99.9,-99.9
1968,4,8,-99.9,-99.9,-99.9
1968,4,9,-99.9,-99.9,-99.9
1968,4,10,-99.9,-99.9,-99.9
1968,4,11,-99.9,-99.9,-99.9
1968,4,12,-99.9,-99.9,-99.9
1968,4,13,-99.9,-99.9,-99.9
1968,4,14,-99.9,-99.9,-99.9
1968,4,15,-99.9,-99.9,-99.9
1968,4,16,-99.9,-99.9,-99.9
1968,4,17,-99.9,-99.9,-99.9
1968,4,18,-99.9,-99.9,-99.9
1968,4,19,-99.9,-99.9,-99.9
1968,4,20,-99.9,-99.9,-99.9
1968,4,21,-99.9,-99.9,-99.9
1968,4,22,-99.9,-99.9,-99.9
1968,4,23,-99.9,-99.9,-99.9
1968,4,24,-99.9,-99.9,-99.9
1968,4,25,-99.9,-99.9,-99.9
1968,4,26,-99.9,-99.9,-99.9
1968,4,27,-99.9,-99.9,-99.9
1968,4,28,-99.9,-99.9,-99.9
1968,4,29,-99.9,-99.9,-99.9
1968,4,30,-99.9,-99.9,-99.9
1968,5,1,-99.9,-99.9,-99.9
1968,5,2,-99.9,-99.9,-99.9
1968,5,3,-99.9,-99.9,-99.9
1968,5,4,-99.9,-99.9,-99.9
1968,5,5,-99.9,-99.9,-99.9
1968,5,6,-99.9,-99.9,-99.9
1968,5,7,-99.9,-99.9,-99.9
1968,5,8,-99.9,-99.9,-99.9
1968,5,9,0,33,-99.9
1968,5,10,0,32,15
1968,5,11,0,31,16
1968,5,12,0,31,16
1968,5,13,0,32,13
1968,5,14,0,35,9
1968,5,15,0,34,13
1968,5,16,0,36,14
1968,5,17,0,31,12
1968,5,18,0,32,16
1968,5,19,1,32,16
1968,5,20,9,34,18
1968,5,21,0,35,15
1968,5,22,0,37,17
1968,5,23,0,36,14
1968,5,24,0,36,16
1968,5,25,0,35,15
1968,5,26,0,37,14
1968,5,27,0,37,14
1968,5,28,0,38,17
1968,5,29,0,38,17
1968,5,30,0,39,16
1968,5,31,0,36,13
1968,6,1,0,35,12
1968,6,2,0,32,20
1968,6,3,0,35,12
1968,6,4,0,37,19
1968,6,5,0,37,19
1968,6,6,0,37,21
1968,6,7,0,36,19
1968,6,8,0,37,24
1968,6,9,0,35,18
1968,6,10,0,35,15
1968,6,11,0,37,17
1968,6,12,0,38,17
1968,6,13,0,38,22
1968,6,14,3,35,18
1968,6,15,0,36,20
1968,6,16,0,36,17
1968,6,17,0,34,18
1968,6,18,0,34,17
1968,6,19,0,35,18
1968,6,20,0,35,16
1968,6,21,0,38,15
1968,6,22,0,36,17
1968,6,23,0,37,20
1968,6,24,0,41,21
1968,6,25,0,38,26
1968,6,26,0,34,24
1968,6,27,0,38,18
1968,6,28,0,41,24
1968,6,29,0,40,25
1968,6,30,0,39,23
1968,7,1,20,36,20
1968,7,2,4,28,19
1968,7,3,26,25,16
1968,7,4,0,28,18
1968,7,5,70,32,17
1968,7,6,5,29,18
1968,7,7,5,30,18
1968,7,8,0,30,19
1968,7,9,0,32,21
1968,7,10,0,32,22
1968,7,11,0,34,18
1968,7,12,0,36,17
1968,7,13,0,38,18
1968,7,14,0,36,20
1968,7,15,1,-99.9,21
1968,7,16,7,-99.9,22
1968,7,17,0,-99.9,17
1968,7,18,0,-99.9,21
1968,7,19,0,30,19
1968,7,20,0,31,20
1968,7,21,0,35,15
1968,7,22,0,36,17
1968,7,23,0,36,23
1968,7,24,0,32,18
1968,7,25,20,27,21
1968,7,26,15,31,18
1968,7,27,0,33,15
1968,7,28,0,32,18
1968,7,29,0,31,16
1968,7,30,0,33,16
1968,7,31,1,35,16
1968,8,1,8,33,15
1968,8,2,0,32,19
1968,8,3,0,32,16
1968,8,4,0,30,15
1968,8,5,0,32,20
1968,8,6,8,33,15
1968,8,7,1,32,20
1968,8,8,0,36,16
1968,8,9,0,37,18
1968,8,10,1,37,19
1968,8,11,0,34,17
1968,8,12,0,35,15
1968,8,13,0,35,15
1968,8,14,0,36,16
1968,8,15,0,38,15
1968,8,16,7,34,21
1968,8,17,0,31,14
1968,8,18,0,34,16
1968,8,19,1,33,21
1968,8,20,1,34,15
1968,8,21,0,34,15
1968,8,22,0,34,16
1968,8,23,0,33,16
1968,8,24,1,33,19
1968,8,25,0,32,17
1968,8,26,0,32,17
1968,8,27,0,33,17
1968,8,28,0,35,16
1968,8,29,12,36,16
1968,8,30,1,23,18
1968,8,31,7,21,18
1968,9,1,0,20,13
1968,9,2,0,22,12
1968,9,3,0,32,12
1968,9,4,0,34,13
1968,9,5,0,32,15
1968,9,6,0,25,16
1968,9,7,0,34,15
1968,9,8,0,28,13
1968,9,9,0,34,13
1968,9,10,0,31,13
1968,9,11,0,30,12
1968,9,12,13,28,8
1968,9,13,1,25,12
1968,9,14,0,28,12
1968,9,15,0,32,12
1968,9,16,0,32,20
1968,9,17,0,28,14
1968,9,18,0,33,12
1968,9,19,0,36,17
1968,9,20,0,36,12
1968,9,21,1,36,19
1968,9,22,0,33,16
1968,9,23,0,31,18
1968,9,24,0,31,13
1968,9,25,0,27,12
1968,9,26,0,27,7
1968,9,27,0,29,5
1968,9,28,0,33,6
1968,9,29,0,31,8
1968,9,30,0,28,10
1968,10,1,0,33,8
1968,10,2,0,34,10
1968,10,3,0,31,12
1968,10,4,0,29,13
1968,10,5,0,31,10
1968,10,6,0,30,5
1968,10,7,0,33,10
1968,10,8,0,16,5
1968,10,9,0,31,6
1968,10,10,0,29,10
1968,10,11,0,29,18
1968,10,12,0,34,11
1968,10,13,6,33,11
1968,10,14,0,32,12
1968,10,15,0,34,19
1968,10,16,0,26,11
1968,10,17,0,24,11
1968,10,18,0,26,5
1968,10,19,0,31,5
1968,10,20,0,36,7
1968,10,21,0,30,10
1968,10,22,0,29,3
1968,10,23,0,29,3
1968,10,24,0,23,2
1968,10,25,0,27,2
1968,10,26,0,31,2
1968,10,27,0,-99.9,9
1968,10,28,0,-99.9,8
1968,10,29,0,-99.9,9
1968,10,30,0,28,6
1968,10,31,0,28,12
1968,11,1,0,30,13
1968,11,2,0,24,6
1968,11,3,0,21,5
1968,11,4,0,28,14
1968,11,5,0,28,13
1968,11,6,0,27,1
1968,11,7,0,21,4
1968,11,8,1,23,10
1968,11,9,0,22,3
1968,11,10,0,23,-1
1968,11,11,0,23,12
1968,11,12,0,28,4
1968,11,13,1,30,0
1968,11,14,0,26,12
1968,11,15,0,20,3
1968,11,16,0,21,3
1968,11,17,0,21,2
1968,11,18,0,18,-2
1968,11,19,0,22,-2
1968,11,20,0,20,4
1968,11,21,0,25,-2
1968,11,22,0,24,2
1968,11,23,0,25,3
1968,11,24,0,19,4
1968,11,25,1.3,26,-2
1968,11,26,1.1,18,10
1968,11,27,0,8,2
1968,11,28,0,13,-2
1968,11,29,0,7,2
1968,11,30,0,8,-2
1968,12,1,0,15,-3
1968,12,2,0,11,-3
1968,12,3,0,12,0
1968,12,4,0,15,-6
1968,12,5,0,16,-5
1968,12,6,0,20,-3
1968,12,7,0,11,-4
1968,12,8,0,15,-4
1968,12,9,0,18,-1
1968,12,10,0,19,0
1968,12,11,0,20,-5
1968,12,12,0,19,3
1968,12,13,0,17,-1
1968,12,14,0,21,-2
1968,12,15,0,22,-2
1968,12,16,0,20,1
1968,12,17,0,21,1
1968,12,18,0,9,5
1968,12,19,0,12,-5
1968,12,20,0,21,-2
1968,12,21,0,23,4
1968,12,22,0,10,2
1968,12,23,0,13,-9
1968,12,24,0,18,-9
1968,12,25,0,21,-6
1968,12,26,0,22,0
1968,12,27,0,16,4
1968,12,28,0,17,-4
1968,12,29,0,16,-5
1968,12,30,0,20,-3
1968,12,31,0,20,3
1969,1,1,0,18,4
1969,1,2,0,18,3
1969,1,3,0,20,-1
1969,1,4,0,16,-3
1969,1,5,0,15,-6
1969,1,6,0,20,-2
1969,1,7,0,24,-3
1969,1,8,0,25,-3
1969,1,9,0,14,-2
1969,1,10,0,9,1
1969,1,11,0,18,-4
1969,1,12,0,22,-2
1969,1,13,0,25,1
1969,1,14,0,26,4
1969,1,15,0,22,5
1969,1,16,0,18,2
1969,1,17,0,20,0
1969,1,18,0,22,3
1969,1,19,0,18,3
1969,1,20,0,23,1
1969,1,21,0,23,2
1969,1,22,0,23,1
1969,1,23,0,22,0
1969,1,24,0,24,-1
1969,1,25,0,26,-1
1969,1,26,0,21,7
1969,1,27,0,23,5
1969,1,28,0,24,5
1969,1,29,0,25,7
1969,1,30,0,13,11
1969,1,31,0,18,7
1969,2,1,0,19,1
1969,2,2,0,20,-4
1969,2,3,0,20,2
1969,2,4,0,14,-99.9
1969,2,5,0,14,-99.9
1969,2,6,0,20,-99.9
1969,2,7,0,25,4
1969,2,8,2,16,3
1969,2,9,0,17,7
1969,2,10,0,20,1
1969,2,11,0,24,2
1969,2,12,0,25,1
1969,2,13,0,22,6
1969,2,14,0,18,6
1969,2,15,0,21,4
1969,2,16,0,20,2
1969,2,17,0,12,1
1969,2,18,0,12,2
1969,2,19,0,22,3
1969,2,20,0,24,3
1969,2,21,0,18,1
1969,2,22,0,21,-1
1969,2,23,0,18,6
1969,2,24,0,23,-2
1969,2,25,0,23,-1
1969,2,26,0,22,5
1969,2,27,0,22,0
1969,2,28,0,17,6
1969,3,1,0,24,1
1969,3,2,0,13,4
1969,3,3,0,14,-1
1969,3,4,0,17,-4
1969,3,5,0,16,-2
1969,3,6,0,19,0
1969,3,7,0,23,-3
1969,3,8,0,16,-1
1969,3,9,0,16,3
1969,3,10,0,13,4
1969,3,11,0,15,0
1969,3,12,0,19,-1
1969,3,13,0,23,0
1969,3,14,0,23,5
1969,3,15,0,10,1
1969,3,16,0,10,0
1969,3,17,0,14,-3
1969,3,18,0,17,-2
1969,3,19,0,16,1
1969,3,20,0,22,1
1969,3,21,0,21,7
1969,3,22,0,26,10
1969,3,23,0,26,8
1969,3,24,0,20,9
1969,3,25,0,14,3
1969,3,26,0,23,3
1969,3,27,0,25,6
1969,3,28,0,28,4
1969,3,29,0,29,2
1969,3,30,0,27,4
1969,3,31,0,28,10
1969,4,1,0,33,13
1969,4,2,0,33,14
1969,4,3,0,31,12
1969,4,4,0,31,12
1969,4,5,0,28,12
1969,4,6,0,31,15
1969,4,7,0,32,13
1969,4,8,0,30,8
1969,4,9,0,21,11
1969,4,10,0,32,12
1969,4,11,0,30,11
1969,4,12,0,29,12
1969,4,13,0,29,7
1969,4,14,0,30,8
1969,4,15,0,31,7
1969,4,16,0,30,7
1969,4,17,0,25,9
1969,4,18,0,29,5
1969,4,19,0,31,4
1969,4,20,0,28,9
1969,4,21,0,33,8
1969,4,22,0,35,10
1969,4,23,0,34,12
1969,4,24,0,35,9
1969,4,25,0,34,11
1969,4,26,0,32,10
1969,4,27,0,28,12
1969,4,28,0,27,15
1969,4,29,0,29,12
1969,4,30,0,29,12
1969,5,1,0,32,12
1969,5,2,0,31,15
1969,5,3,0,31,10
1969,5,4,0,29,11
1969,5,5,0,31,13
1969,5,6,0,27,11
1969,5,7,0,-99.9,9
1969,5,8,0,-99.9,13
1969,5,9,0,-99.9,13
1969,5,10,0,26,15
1969,5,11,0,28,15
1969,5,12,0,31,11
1969,5,13,0,34,13
1969,5,14,0,33,12
1969,5,15,0,33,13
1969,5,16,0,33,14
1969,5,17,0,28,16
1969,5,18,0,35,-99.9
1969,5,19,0,37,-99.9
1969,5,20,0,40,-99.9
1969,5,21,0,39,22
1969,5,22,0,34,21
1969,5,23,0,32,20
1969,5,24,0,36,19
1969,5,25,0,37,18
1969,5,26,0,37,18
1969,5,27,0,35,19
1969,5,28,0,36,20
1969,5,29,0,35,17
1969,5,30,0,36,16
1969,5,31,0,37,21
1969,6,1,0,30,26
1969,6,2,5,36,14
1969,6,3,0,-99.9,22
1969,6,4,0,35,16
1969,6,5,0,31,21
1969,6,6,1,36,19
1969,6,7,0,36,18
1969,6,8,0,39,21
1969,6,9,0,38,20
1969,6,10,0,35,20
1969,6,11,0,35,14
1969,6,12,0,35,14
1969,6,13,0,36,22
1969,6,14,0,33,20
1969,6,15,16,32,15
1969,6,16,0,35,13
1969,6,17,0,37,19
1969,6,18,0,38,17
1969,6,19,0,40,18
1969,6,20,0,42,19
1969,6,21,0,42,26
1969,6,22,0,42,26
1969,6,23,0,39,19
1969,6,24,0,40,20
1969,6,25,0,39,23
1969,6,26,0,38,20
1969,6,27,0,42,20
1969,6,28,0,39,21
1969,6,29,0,39,24
1969,6,30,0,37,24
1969,7,1,0,36,19
1969,7,2,0,38,21
1969,7,3,0,37,23
1969,7,4,0,40,25
1969,7,5,23,38,22
1969,7,6,12,35,18
1969,7,7,34,31,19
1969,7,8,13,31,18
1969,7,9,20,32,19
1969,7,10,0,32,19
1969,7,11,0,37,21
1969,7,12,0,35,22
1969,7,13,0,35,-99.9
1969,7,14,0,35,-99.9
1969,7,15,0,33,-99.9
1969,7,16,43,32,-99.9
1969,7,17,2,33,17
1969,7,18,0,32,21
1969,7,19,0,33,20
1969,7,20,6,35,22
1969,7,21,0,34,20
1969,7,22,0,36,23
1969,7,23,0,38,22
1969,7,24,0,38,-99.9
1969,7,25,0,39,-99.9
1969,7,26,0,37,-99.9
1969,7,27,0,37,-99.9
1969,7,28,0,33,-99.9
1969,7,29,0,35,20
1969,7,30,0,37,23
1969,7,31,0,37,20
1969,8,1,0,37,23
1969,8,2,0,28,23
1969,8,3,0,39,22
1969,8,4,0,40,20
1969,8,5,0,41,25
1969,8,6,0,40,23
1969,8,7,0,39,21
1969,8,8,0,35,23
1969,8,9,0,39,22
1969,8,10,0,39,24
1969,8,11,0,40,19
1969,8,12,0,40,22
1969,8,13,0,40,18
1969,8,14,0,41,19
1969,8,15,0,38,19
1969,8,16,0,41,21
1969,8,17,0,41,22
1969,8,18,0,40,20
1969,8,19,0,39,20
1969,8,20,0,35,23
1969,8,21,0,-99.9,24
1969,8,22,0,-99.9,23
1969,8,23,0,-99.9,22
1969,8,24,0,36,22
1969,8,25,0,39,19
1969,8,26,0,33,22
1969,8,27,0,34,19
1969,8,28,2,32,22
1969,8,29,0,32,21
1969,8,30,0,32,22
1969,8,31,0,31,22
1969,9,1,0,32,19
1969,9,2,0,34,18
1969,9,3,0,32,19
1969,9,4,0,33,16
1969,9,5,0,35,18
1969,9,6,0,35,18
1969,9,7,0,34,20
1969,9,8,0,33,21
1969,9,9,0,34,23
1969,9,10,0,34,17
1969,9,11,0,32,23
1969,9,12,20,32,20
1969,9,13,9,30,20
1969,9,14,0,31,17
1969,9,15,0,31,16
1969,9,16,0,33,17
1969,9,17,0,35,18
1969,9,18,11,31,21
1969,9,19,12,28,16
1969,9,20,0,27,18
1969,9,21,0,30,18
1969,9,22,0,33,18
1969,9,23,0,31,19
1969,9,24,0,33,15
1969,9,25,0,35,16
1969,9,26,0,33,17
1969,9,27,0,30,18
1969,9,28,0,29,15
1969,9,29,0,30,15
1969,9,30,0,31,11
1969,10,1,0,35,11
1969,10,2,0,34,12
1969,10,3,0,33,15
1969,10,4,0,32,19
1969,10,5,0,33,15
1969,10,6,0,31,14
1969,10,7,0,25,19
1969,10,8,0,29,16
1969,10,9,0,32,18
1969,10,10,0,33,17
1969,10,11,0,32,17
1969,10,12,0,31,13
1969,10,13,0,21,12
1969,10,14,0,24,10
1969,10,15,0,31,11
1969,10,16,0,26,16
1969,10,17,0,34,10
1969,10,18,0,33,14
1969,10,19,0,33,18
1969,10,20,0,31,13
1969,10,21,0,32,14
1969,10,22,0,29,14
1969,10,23,0,20,15
1969,10,24,0,23,13
1969,10,25,0,27,12
1969,10,26,0,26,14
1969,10,27,0,19,17
1969,10,28,0,19,12
1969,10,29,0,25,-99.9
1969,10,30,0,22,-99.9
1969,10,31,0,20,-99.9
1969,11,1,0,24,14
1969,11,2,0,15,5
1969,11,3,0,17,2
1969,11,4,0,21,0
1969,11,5,0,25,3
1969,11,6,0,27,7
1969,11,7,0,29,7
1969,11,8,0,29,7
1969,11,9,9,27,9
1969,11,10,0,24,14
1969,11,11,0,26,11
1969,11,12,0,26,8
1969,11,13,0,23,10
1969,11,14,0,10,8
1969,11,15,1,19,0
1969,11,16,0,25,3
1969,11,17,0,22,9
1969,11,18,0,12,7
1969,11,19,0,10,-1
1969,11,20,0,13,-8
1969,11,21,0,18,-6
1969,11,22,0,22,-2
1969,11,23,0,18,4
1969,11,24,0,15,7
1969,11,25,0,17,1
1969,11,26,0,18,7
1969,11,27,5,-99.9,-99.9
1969,11,28,1,3,0
1969,11,29,0,9,1
1969,11,30,0,10,3
1969,12,1,-99.9,-99.9,-99.9
1969,12,2,-99.9,-99.9,-99.9
1969,12,3,-99.9,-99.9,-99.9
1969,12,4,-99.9,-99.9,-99.9
1969,12,5,-99.9,-99.9,-99.9
1969,12,6,-99.9,-99.9,-99.9
1969,12,7,-99.9,-99.9,-99.9
1969,12,8,-99.9,-99.9,-99.9
1969,12,9,-99.9,-99.9,-99.9
1969,12,10,-99.9,-99.9,-99.9
1969,12,11,-99.9,-99.9,-99.9
1969,12,12,-99.9,-99.9,-99.9
1969,12,13,-99.9,-99.9,-99.9
1969,12,14,-99.9,-99.9,-99.9
1969,12,15,-99.9,-99.9,-99.9
1969,12,16,-99.9,-99.9,-99.9
1969,12,17,-99.9,-99.9,-99.9
1969,12,18,-99.9,-99.9,-99.9
1969,12,19,-99.9,-99.9,-99.9
1969,12,20,-99.9,-99.9,-99.9
1969,12,21,-99.9,-99.9,-99.9
1969,12,22,-99.9,-99.9,-99.9
1969,12,23,-99.9,-99.9,-99.9
1969,12,24,-99.9,-99.9,-99.9
1969,12,25,-99.9,-99.9,-99.9
1969,12,26,-99.9,-99.9,-99.9
1969,12,27,-99.9,-99.9,-99.9
1969,12,28,-99.9,-99.9,-99.9
1969,12,29,-99.9,-99.9,-99.9
1969,12,30,-99.9,-99.9,-99.9
1969,12,31,-99.9,-99.9,-99.9
1970,1,1,0,14,-7
1970,1,2,0,8,-4
1970,1,3,0,9,-6
1970,1,4,0,7,-3
1970,1,5,0,11,-1
1970,1,6,0,8,-5
1970,1,7,0,7,-10
1970,1,8,0,11,-9
1970,1,9,0,12,-5
1970,1,10,0,23,-1
1970,1,11,0,19,3
1970,1,12,2,20,2
1970,1,13,0,10,3
1970,1,14,0,16,-1
1970,1,15,0,17,-1
1970,1,16,0,18,1
1970,1,17,0,19,-2
1970,1,18,0,11,-1
1970,1,19,0,19,-3
1970,1,20,0,21,-3
1970,1,21,0,22,0
1970,1,22,0,24,-3
1970,1,23,0,23,0
1970,1,24,0,27,0
1970,1,25,0,26,-1
1970,1,26,0,-99.9,3
1970,1,27,0,-99.9,2
1970,1,28,0,-99.9,2
1970,1,29,0,14,4
1970,1,30,0,12,-8
1970,1,31,0,22,-2
1970,2,1,0,20,2
1970,2,2,0,12,-1
1970,2,3,0,14,-7
1970,2,4,0,17,-4
1970,2,5,0,21,-2
1970,2,6,0,21,5
1970,2,7,0,22,0
1970,2,8,0,20,1
1970,2,9,0,22,4
1970,2,10,0,23,4
1970,2,11,0,23,4
1970,2,12,3,21,6
1970,2,13,0,25,3
1970,2,14,0,22,5
1970,2,15,0,17,7
1970,2,16,0,18,-1
1970,2,17,0,25,-2
1970,2,18,0,27,-1
1970,2,19,0,12,1
1970,2,20,0,10,3
1970,2,21,6,11,2
1970,2,22,0,12,3
1970,2,23,1.4,16,1
1970,2,24,0,17,6
1970,2,25,0,18,2
1970,2,26,0,21,4
1970,2,27,0,22,8
1970,2,28,0,23,6
1970,3,1,0,24,6
1970,3,2,0,24,8
1970,3,3,0,22,5
1970,3,4,0,21,6
1970,3,5,0,23,4
1970,3,6,3,11,4
1970,3,7,0,16,4
1970,3,8,0,23,0
1970,3,9,0,26,1
1970,3,10,0,21,3
1970,3,11,0,18,6
1970,3,12,0,17,1
1970,3,13,0,18,1
1970,3,14,0,24,1
1970,3,15,0,28,2
1970,3,16,0,26,5
1970,3,17,0,25,3
1970,3,18,0,28,6
1970,3,19,1.2,18,10
1970,3,20,0,6,4
1970,3,21,0,16,3
1970,3,22,0,21,2
1970,3,23,0,23,4
1970,3,24,0,27,6
1970,3,25,0,25,7
1970,3,26,0,21,7
1970,3,27,0,31,4
1970,3,28,0,30,8
1970,3,29,0,26,4
1970,3,30,0,29,3
1970,3,31,0,32,7
1970,4,1,0,19,12
1970,4,2,0,23,0
1970,4,3,0,29,2
1970,4,4,0,21,5
1970,4,5,0,20,7
1970,4,6,0,22,2
1970,4,7,0,28,7
1970,4,8,0,28,11
1970,4,9,0,26,11
1970,4,10,0,25,15
1970,4,11,0,31,9
1970,4,12,0,30,9
1970,4,13,0,31,7
1970,4,14,0,32,10
1970,4,15,0,30,9
1970,4,16,0,31,12
1970,4,17,0,34,14
1970,4,18,0,22,11
1970,4,19,0,24,7
1970,4,20,0,31,4
1970,4,21,0,33,8
1970,4,22,0,32,13
1970,4,23,0,32,9
1970,4,24,0,33,11
1970,4,25,0,32,14
1970,4,26,0,32,10
1970,4,27,0,31,14
1970,4,28,0,32,16
1970,4,29,0,31,24
1970,4,30,0,30,8
1970,5,1,0,25,3
1970,5,2,0,19,11
1970,5,3,0,23,6
1970,5,4,0,27,6
1970,5,5,0,31,11
1970,5,6,0,34,11
1970,5,7,0,35,12
1970,5,8,0,33,16
1970,5,9,0,32,9
1970,5,10,0,34,9
1970,5,11,0,35,11
1970,5,12,0,35,17
1970,5,13,0,35,17
1970,5,14,0,33,13
1970,5,15,0,25,18
1970,5,16,0,27,11
1970,5,17,0,32,8
1970,5,18,0,34,10
1970,5,19,0,34,12
1970,5,20,0,35,15
1970,5,21,1,35,21
1970,5,22,1,32,19
1970,5,23,0,31,16
1970,5,24,0,36,14
1970,5,25,5,32,18
1970,5,26,0,31,15
1970,5,27,0,32,15
1970,5,28,0,33,10
1970,5,29,0,34,11
1970,5,30,0,34,18
1970,5,31,0,37,15
1970,6,1,0,28,16
1970,6,2,0,27,15
1970,6,3,0,30,14
1970,6,4,0,31,16
1970,6,5,0,26,15
1970,6,6,0,34,16
1970,6,7,0,35,18
1970,6,8,0,34,19
1970,6,9,0,35,19
1970,6,10,0,35,16
1970,6,11,0,36,23
1970,6,12,0,36,14
1970,6,13,0,38,15
1970,6,14,0,38,15
1970,6,15,0,39,20
1970,6,16,0,42,24
1970,6,17,0,41,23
1970,6,18,0,38,22
1970,6,19,0,37,21
1970,6,20,9,31,23
1970,6,21,0,32,16
1970,6,22,0,31,19
1970,6,23,0,33,19
1970,6,24,0,38,18
1970,6,25,0,36,20
1970,6,26,0,36,19
1970,6,27,0,35,23
1970,6,28,0,29,23
1970,6,29,7,31,21
1970,6,30,0,33,19
1970,7,1,0,31,19
1970,7,2,0,32,20
1970,7,3,0,33,20
1970,7,4,0,35,22
1970,7,5,0,35,18
1970,7,6,0,36,-99.9
1970,7,7,0,37,-99.9
1970,7,8,0,38,-99.9
1970,7,9,0,38,21
1970,7,10,0,38,21
1970,7,11,0,39,20
1970,7,12,0,39,18
1970,7,13,0,38,23
1970,7,14,0,35,22
1970,7,15,0,34,23
1970,7,16,0,33,23
1970,7,17,0,33,21
1970,7,18,0,35,21
1970,7,19,0,37,21
1970,7,20,0,38,24
1970,7,21,0,34,25
1970,7,22,0,37,22
1970,7,23,0,33,23
1970,7,24,0,32,23
1970,7,25,0,33,23
1970,7,26,11,29,20
1970,7,27,19,28,19
1970,7,28,0,31,19
1970,7,29,0,35,20
1970,7,30,0,37,21
1970,7,31,0,37,23
1970,8,1,0,36,23
1970,8,2,0,36,22
1970,8,3,0,36,22
1970,8,4,10,33,23
1970,8,5,0,33,19
1970,8,6,0,34,22
1970,8,7,0,36,22
1970,8,8,0,38,21
1970,8,9,3,38,23
1970,8,10,8,35,20
1970,8,11,0,30,19
1970,8,12,0,33,20
1970,8,13,0,33,14
1970,8,14,0,36,14
1970,8,15,0,35,21
1970,8,16,10,34,22
1970,8,17,0,36,19
1970,8,18,0,37,21
1970,8,19,16,37,21
1970,8,20,0,32,20
1970,8,21,0,34,20
1970,8,22,0,38,21
1970,8,23,6,30,21
1970,8,24,0,31,18
1970,8,25,0,32,19
1970,8,26,0,33,19
1970,8,27,0,33,20
1970,8,28,0,32,16
1970,8,29,0,33,16
1970,8,30,0,33,16
1970,8,31,0,31,18
1970,9,1,0,33,20
1970,9,2,0,37,15
1970,9,3,0,37,21
1970,9,4,0,34,21
1970,9,5,0,35,20
1970,9,6,14,37,23
1970,9,7,0,31,16
1970,9,8,0,35,21
1970,9,9,0,36,-99.9
1970,9,10,0,34,-99.9
1970,9,11,0,33,-99.9
1970,9,12,0,35,20
1970,9,13,0,33,20
1970,9,14,0,33,21
1970,9,15,5,30,21
1970,9,16,0,31,19
1970,9,17,5,30,19
1970,9,18,1,30,20
1970,9,19,0,32,17
1970,9,20,0,33,18
1970,9,21,0,34,18
1970,9,22,0,33,19
1970,9,23,0,34,15
1970,9,24,0,34,15
1970,9,25,2,30,15
1970,9,26,30,11.1,10
1970,9,27,19,8,6
1970,9,28,0,21,6
1970,9,29,0,28,7
1970,9,30,0,25,9
1970,10,1,13,26,9
1970,10,2,0,24,15
1970,10,3,0,24,14
1970,10,4,15,25,15
1970,10,5,0,27,15
1970,10,6,0,28,13
1970,10,7,0,30,13
1970,10,8,0,29,7
1970,10,9,0,20,7
1970,10,10,0,28,7
1970,10,11,0,25,9
1970,10,12,0,23,6
1970,10,13,0,28,5
1970,10,14,0,28,7
1970,10,15,0,21,5
1970,10,16,0,22,8
1970,10,17,0,21,11
1970,10,18,0,20,10
1970,10,19,0,19,6
1970,10,20,0,26,5
1970,10,21,0,26,8
1970,10,22,0,27,11
1970,10,23,0,26,6
1970,10,24,0,27,5
1970,10,25,0,26,6
1970,10,26,0,27,5
1970,10,27,0,22,5
1970,10,28,0,15,2
1970,10,29,0,20,-2
1970,10,30,0,24,-1
1970,10,31,0,27,1
1970,11,1,-99.9,-99.9,-99.9
1970,11,2,-99.9,-99.9,-99.9
1970,11,3,-99.9,-99.9,-99.9
1970,11,4,-99.9,-99.9,-99.9
1970,11,5,-99.9,-99.9,-99.9
1970,11,6,-99.9,-99.9,-99.9
1970,11,7,-99.9,-99.9,-99.9
1970,11,8,-99.9,-99.9,-99.9
1970,11,9,-99.9,-99.9,-99.9
1970,11,10,-99.9,-99.9,-99.9
1970,11,11,-99.9,-99.9,-99.9
1970,11,12,-99.9,-99.9,-99.9
1970,11,13,-99.9,-99.9,-99.9
1970,11,14,-99.9,-99.9,-99.9
1970,11,15,-99.9,-99.9,-99.9
1970,11,16,-99.9,-99.9,-99.9
1970,11,17,-99.9,-99.9,-99.9
1970,11,18,-99.9,-99.9,-99.9
1970,11,19,-99.9,-99.9,-99.9
1970,11,20,-99.9,-99.9,-99.9
1970,11,21,-99.9,-99.9,-99.9
1970,11,22,-99.9,-99.9,-99.9
1970,11,23,-99.9,-99.9,-99.9
1970,11,24,-99.9,-99.9,-99.9
1970,11,25,-99.9,-99.9,-99.9
1970,11,26,-99.9,-99.9,-99.9
1970,11,27,-99.9,-99.9,-99.9
1970,11,28,-99.9,-99.9,-99.9
1970,11,29,-99.9,-99.9,-99.9
1970,11,30,-99.9,-99.9,-99.9
1970,12,1,0,22,1
1970,12,2,0,25,0
1970,12,3,0,25,0
1970,12,4,0,26,1
1970,12,5,0,23,2
1970,12,6,0,21,4
1970,12,7,0,23,-1
1970,12,8,0,24,-1
1970,12,9,0,23,-1
1970,12,10,0,22,-4
1970,12,11,0,15,3
1970,12,12,0,13,-1
1970,12,13,0,12,4
1970,12,14,0,13,3
1970,12,15,0,20,2
1970,12,16,0,20,-3
1970,12,17,0,22,-5
1970,12,18,0,25,-1
1970,12,19,0,24,3
1970,12,20,0,25,3
1970,12,21,0,22,2
1970,12,22,0,20,1
1970,12,23,0,22,-1
1970,12,24,0,21,-2
1970,12,25,0,22,-3
1970,12,26,0,22,-2
1970,12,27,0,24,1
1970,12,28,0,21,5
1970,12,29,0,22,9
1970,12,30,0,19,5
1970,12,31,0,19,5
1971,1,1,0,22,-2
1971,1,2,0,20,-1
1971,1,3,0,24,-2
1971,1,4,0,16,-5
1971,1,5,0,6,-3
1971,1,6,0,11,-2
1971,1,7,0,8,-3
1971,1,8,0,10,-4
1971,1,9,0,17,-6
1971,1,10,0,18,-6
1971,1,11,0,19,-6
1971,1,12,0,21,-1
1971,1,13,0,23,-4
1971,1,14,0,22,-1
1971,1,15,0,20,-3
1971,1,16,0,24,-1
1971,1,17,0,26,-1
1971,1,18,0,23,1
1971,1,19,0,19,5
1971,1,20,0,26,-1
1971,1,21,0,27,1
1971,1,22,0,25,1
1971,1,23,0,24,3
1971,1,24,0,22,3
1971,1,25,0,21,1
1971,1,26,0,22,-3
1971,1,27,0,22,-4
1971,1,28,0,23,-3
1971,1,29,0,23,-2
1971,1,30,0,24,-2
1971,1,31,0,26,-1
1971,2,1,0,15,-2
1971,2,2,0,18,3
1971,2,3,0,25,3
1971,2,4,0,15,4
1971,2,5,0,21,-7
1971,2,6,0,20,3
1971,2,7,0,20,2
1971,2,8,0,15,-5
1971,2,9,0,13,-4
1971,2,10,0,19,-6
1971,2,11,0,26,-4
1971,2,12,0,17,3
1971,2,13,0,22,-3
1971,2,14,0,26,1
1971,2,15,0,26,0
1971,2,16,0,21,0
1971,2,17,0,26,0
1971,2,18,0,23,1
1971,2,19,0,20,1
1971,2,20,0,26,0
1971,2,21,0,11,2
1971,2,22,0,16,-4
1971,2,23,0,19,1
1971,2,24,0,19,5
1971,2,25,0,22,5
1971,2,26,0,22,2
1971,2,27,0,24,1
1971,2,28,0,23,1
1971,3,1,0,26,-4
1971,3,2,0,10,-1
1971,3,3,0,13,-6
1971,3,4,0,24,-7
1971,3,5,0,29,-3
1971,3,6,0,29,6
1971,3,7,0,29,1
1971,3,8,0,25,-2
1971,3,9,0,25,0
1971,3,10,0,25,8
1971,3,11,0,26,0
1971,3,12,0,28,0
1971,3,13,0,30,3
1971,3,14,0,22,2
1971,3,15,0,25,-1
1971,3,16,0,25,0
1971,3,17,0,31,1
1971,3,18,0,27,6
1971,3,19,0,18,8
1971,3,20,0,19,6
1971,3,21,0,26,2
1971,3,22,0,29,1
1971,3,23,0,30,1
1971,3,24,0,32,2
1971,3,25,0,32,8
1971,3,26,0,32,6
1971,3,27,0,34,8
1971,3,28,0,32,8
1971,3,29,0,23,14
1971,3,30,0,30,8
1971,3,31,0,30,10
1971,4,1,0,24,12
1971,4,2,0,22,11
1971,4,3,0,24,4
1971,4,4,0,22,10
1971,4,5,0,19,9
1971,4,6,0,17,5
1971,4,7,0,25,4
1971,4,8,0,31,7
1971,4,9,0,29,7
1971,4,10,0,30,13
1971,4,11,0,33,12
1971,4,12,0,34,16
1971,4,13,0,30,15
1971,4,14,0,26,14
1971,4,15,3,27,11
1971,4,16,2,23,8
1971,4,17,0,29,7
1971,4,18,0,29,11
1971,4,19,0,16,8
1971,4,20,0,23,1
1971,4,21,0,30,3
1971,4,22,0,32,5
1971,4,23,0,32,7
1971,4,24,0,33,6
1971,4,25,0,34,6
1971,4,26,0,32,12
1971,4,27,0,31,10
1971,4,28,0,33,12
1971,4,29,0,28,12
1971,4,30,0,31,8
1971,5,1,0,29,16
1971,5,2,0,35,12
1971,5,3,0,36,15
1971,5,4,0,34,17
1971,5,5,0,32,14
1971,5,6,0,32,17
1971,5,7,0,32,12
1971,5,8,0,34,-99.9
1971,5,9,0,33,-99.9
1971,5,10,0,32,-99.9
1971,5,11,0,27,16
1971,5,12,0,21,12
1971,5,13,0,25,13
1971,5,14,0,30,9
1971,5,15,0,34,10
1971,5,16,0,36,14
1971,5,17,0,35,14
1971,5,18,0,32,17
1971,5,19,0,29,13
1971,5,20,0,35,18
1971,5,21,0,37,18
1971,5,22,0,34,13
1971,5,23,0,33,15
1971,5,24,0,30,15
1971,5,25,0,33,16
1971,5,26,0,36,20
1971,5,27,0,36,20
1971,5,28,0,37,20
1971,5,29,0,35,18
1971,5,30,0,33,12
1971,5,31,0,34,14
1971,6,1,0,32,12
1971,6,2,0,37,16
1971,6,3,0,35,19
1971,6,4,0,36,18
1971,6,5,0,36,19
1971,6,6,0,36,19
1971,6,7,0,38,16
1971,6,8,0,33,18
1971,6,9,0,36,17
1971,6,10,0,36,15
1971,6,11,0,35,16
1971,6,12,0,33,20
1971,6,13,0,34,16
1971,6,14,0,36,18
1971,6,15,0,35,21
1971,6,16,0,33,22
1971,6,17,0,36,22
1971,6,18,0,37,22
1971,6,19,2,36,16
1971,6,20,0,35,20
1971,6,21,0,31,19
1971,6,22,0,34,18
1971,6,23,0,33,20
1971,6,24,0,34,22
1971,6,25,0,35,19
1971,6,26,0,34,20
1971,6,27,0,34,19
1971,6,28,0,38,20
1971,6,29,0,35,15
1971,6,30,1.5,30,19
1971,7,1,4,24,19
1971,7,2,0,32,18
1971,7,3,0,35,20
1971,7,4,0,37,22
1971,7,5,0,40,25
1971,7,6,0,35,24
1971,7,7,0,37,24
1971,7,8,0,35,23
1971,7,9,0,35,23
1971,7,10,0,35,23
1971,7,11,0,33,22
1971,7,12,0,36,25
1971,7,13,0,35,21
1971,7,14,0,39,20
1971,7,15,0,40,20
1971,7,16,0,33,20
1971,7,17,0,35,24
1971,7,18,0,36,21
1971,7,19,0,37,21
1971,7,20,0,36,23
1971,7,21,0,38,23
1971,7,22,0,34,22
1971,7,23,2,38,20
1971,7,24,3,25,19
1971,7,25,0,26,15
1971,7,26,0,26,13
1971,7,27,7.5,26,13
1971,7,28,0,29,20
1971,7,29,0,29,20
1971,7,30,0,29,20
1971,7,31,0,30,21
1971,8,1,7,-99.9,-99.9
1971,8,2,30,-99.9,-99.9
1971,8,3,0,-99.9,-99.9
1971,8,4,0,-99.9,-99.9
1971,8,5,0,-99.9,-99.9
1971,8,6,0,-99.9,-99.9
1971,8,7,0,-99.9,-99.9
1971,8,8,0,-99.9,-99.9
1971,8,9,0,-99.9,-99.9
1971,8,10,10,-99.9,-99.9
1971,8,11,1,-99.9,-99.9
1971,8,12,8,-99.9,-99.9
1971,8,13,3,-99.9,-99.9
1971,8,14,11,-99.9,-99.9
1971,8,15,0,-99.9,-99.9
1971,8,16,0,-99.9,-99.9
1971,8,17,0,-99.9,-99.9
1971,8,18,3,-99.9,-99.9
1971,8,19,5,-99.9,-99.9
1971,8,20,7,-99.9,-99.9
1971,8,21,0,-99.9,-99.9
1971,8,22,2,-99.9,-99.9
1971,8,23,3,-99.9,-99.9
1971,8,24,23,-99.9,-99.9
1971,8,25,0,-99.9,-99.9
1971,8,26,0,-99.9,-99.9
1971,8,27,0,-99.9,-99.9
1971,8,28,0,-99.9,-99.9
1971,8,29,0,-99.9,-99.9
1971,8,30,0,-99.9,-99.9
1971,8,31,0,-99.9,-99.9
1971,9,1,0,-99.9,-99.9
1971,9,2,0,-99.9,-99.9
1971,9,3,2,-99.9,-99.9
1971,9,4,0,-99.9,-99.9
1971,9,5,0,-99.9,-99.9
1971,9,6,0,-99.9,-99.9
1971,9,7,0,-99.9,-99.9
1971,9,8,0,-99.9,-99.9
1971,9,9,0,-99.9,-99.9
1971,9,10,0,-99.9,-99.9
1971,9,11,0,-99.9,-99.9
1971,9,12,0,-99.9,-99.9
1971,9,13,0,-99.9,-99.9
1971,9,14,0,-99.9,-99.9
1971,9,15,0,-99.9,-99.9
1971,9,16,0,-99.9,-99.9
1971,9,17,0,-99.9,-99.9
1971,9,18,0,-99.9,-99.9
1971,9,19,0,-99.9,-99.9
1971,9,20,0,-99.9,-99.9
1971,9,21,0,-99.9,-99.9
1971,9,22,25,-99.9,-99.9
1971,9,23,18,-99.9,-99.9
1971,9,24,0,-99.9,-99.9
1971,9,25,0,-99.9,-99.9
1971,9,26,0,-99.9,-99.9
1971,9,27,0,-99.9,-99.9
1971,9,28,0,-99.9,-99.9
1971,9,29,0,-99.9,-99.9
1971,9,30,0,-99.9,-99.9
1971,10,1,0,26,20
1971,10,2,0,26,20
1971,10,3,0,25,20
1971,10,4,15,24,19
1971,10,5,4,23,19
1971,10,6,24,22,18
1971,10,7,33,20,17
1971,10,8,0,23,15
1971,10,9,0,23,16
1971,10,10,0,23,14
1971,10,11,5,26,16
1971,10,12,9,25,17
1971,10,13,0,25,16
1971,10,14,0,26,14
1971,10,15,0,27,12
1971,10,16,0,23,14
1971,10,17,0,29,13
1971,10,18,0,28,14
1971,10,19,0,27,11
1971,10,20,0,27,9
1971,10,21,0,27,9
1971,10,22,0,28,12
1971,10,23,0,23,11
1971,10,24,0,30,10
1971,10,25,2,28,14
1971,10,26,0,23,17
1971,10,27,3,25,4
1971,10,28,0,27,7
1971,10,29,0,28,14
1971,10,30,0,27,12
1971,10,31,0,28,10
1971,11,1,0,18,8
1971,11,2,0,27,5
1971,11,3,0,22,8
1971,11,4,0,26,9
1971,11,5,0,30,9
1971,11,6,0,25,9
1971,11,7,0,24,10
1971,11,8,0,25,11
1971,11,9,0,25,8
1971,11,10,0,26,10
1971,11,11,0,26,7
1971,11,12,0,27,7
1971,11,13,0,26,8
1971,11,14,0,27,6
1971,11,15,0,29,5
1971,11,16,0,27,12
1971,11,17,0,18,8
1971,11,18,0,17,-3
1971,11,19,0,22,4
1971,11,20,0,28,4
1971,11,21,0,24,8
1971,11,22,0,22,11
1971,11,23,0,20,2
1971,11,24,0,21,5
1971,11,25,0,24,4
1971,11,26,0,23,3
1971,11,27,0,25,2
1971,11,28,0,23,2
1971,11,29,0,25,3
1971,11,30,0,24,3
1971,12,1,4,12,5
1971,12,2,0,11,7
1971,12,3,0,15,-1
1971,12,4,0,19,5
1971,12,5,0,7,6
1971,12,6,0,16,-1
1971,12,7,0,23,-1
1971,12,8,0,24,-1
1971,12,9,0,9,-3
1971,12,10,0,15,-2
1971,12,11,0,21,0
1971,12,12,0,20,-3
1971,12,13,0,26,4
1971,12,14,0,20,6
1971,12,15,0,10,0
1971,12,16,0,22,4
1971,12,17,0,23,7
1971,12,18,0,12,7
1971,12,19,0,20,6
1971,12,20,0,21,-2
1971,12,21,0,21,0
1971,12,22,0,22,-1
1971,12,23,0,23,4
1971,12,24,0,26,5
1971,12,25,0,26,4
1971,12,26,0,27,4
1971,12,27,0,25,3
1971,12,28,0,25,5
1971,12,29,0,26,4
1971,12,30,0,19,4
1971,12,31,0,16,5
1972,1,1,0,20,4
1972,1,2,0,20,2
1972,1,3,0,18,5
1972,1,4,0,8,-3
1972,1,5,0,9,-7
1972,1,6,0,15,-5
1972,1,7,0,17,-5
1972,1,8,0,18,0
1972,1,9,0,21,4
1972,1,10,0,20,4
1972,1,11,0,20,3
1972,1,12,0,22,2
1972,1,13,0,25,-1
1972,1,14,0,19,-1
1972,1,15,0,10,0
1972,1,16,0,17,-2
1972,1,17,0,23,1
1972,1,18,0,21,4
1972,1,19,0,21,6
1972,1,20,0,21,3
1972,1,21,0,22,2
1972,1,22,0,24,2
1972,1,23,0,26,2
1972,1,24,0,26,3
1972,1,25,0,20,6
1972,1,26,0,28,4
1972,1,27,0,23,6
1972,1,28,0,24,10
1972,1,29,0,21,12
1972,1,30,0,14,9
1972,1,31,0,14,7
1972,2,1,0,17,-1
1972,2,2,0,20,0
1972,2,3,0,11,-1
1972,2,4,0,15,-2
1972,2,5,0,24,2
1972,2,6,0,21,0
1972,2,7,0,17,4
1972,2,8,0,17,4
1972,2,9,0,20,0
1972,2,10,0,17,4
1972,2,11,0,24,-99.9
1972,2,12,0,19,-99.9
1972,2,13,0,22,-99.9
1972,2,14,0,23,8
1972,2,15,0,21,2
1972,2,16,0,21,3
1972,2,17,0,23,2
1972,2,18,0,25,1
1972,2,19,0,27,5
1972,2,20,0,29,5
1972,2,21,0,30,5
1972,2,22,0,26,9
1972,2,23,0,25,7
1972,2,24,0,30,3
1972,2,25,0,30,4
1972,2,26,0,21,4
1972,2,27,0,27,5
1972,2,28,0,28,5
1972,2,29,0,30,4
1972,3,1,0,20,5
1972,3,2,0,25,6
1972,3,3,0,28,5
1972,3,4,0,29,6
1972,3,5,0,32,7
1972,3,6,0,30,9
1972,3,7,0,31,8
1972,3,8,0,26,8
1972,3,9,0,26,9
1972,3,10,0,30,11
1972,3,11,0,30,15
1972,3,12,0,30,12
1972,3,13,0,29,11
1972,3,14,0,30,17
1972,3,15,0,30,17
1972,3,16,0,29,14
1972,3,17,0,30,11
1972,3,18,0,30,7
1972,3,19,0,26,15
1972,3,20,0,28,10
1972,3,21,0,30,8
1972,3,22,0,-99.9,15
1972,3,23,0,-99.9,14
1972,3,24,0,-99.9,15
1972,3,25,0,-99.9,16
1972,3,26,0,29,18
1972,3,27,0,30,18
1972,3,28,0,24,21
1972,3,29,0,23,14
1972,3,30,0,20,15
1972,3,31,0,23,7
1972,4,1,0,20,3
1972,4,2,0,28,5
1972,4,3,0,31,9
1972,4,4,0,30,7
1972,4,5,0,34,14
1972,4,6,0,38,12
1972,4,7,0,32,12
1972,4,8,0,35,13
1972,4,9,0,36,14
1972,4,10,0,37,17
1972,4,11,0,37,16
1972,4,12,0,37,13
1972,4,13,0,36,20
1972,4,14,0,35,21
1972,4,15,0,33,23
1972,4,16,0,32,15
1972,4,17,0,36,13
1972,4,18,0,34,14
1972,4,19,0,34,19
1972,4,20,0,35,21
1972,4,21,0,26,14
1972,4,22,0,32,16
1972,4,23,0,33,19
1972,4,24,0,33,20
1972,4,25,0,34,21
1972,4,26,0,33,21
1972,4,27,0,32,14
1972,4,28,0,31,15
1972,4,29,0,34,14
1972,4,30,0,34,17
1972,5,1,0,33,12
1972,5,2,0,34,15
1972,5,3,0,33,17
1972,5,4,3,31,19
1972,5,5,0,32,17
1972,5,6,0,33,17
1972,5,7,0,33,20
1972,5,8,0,33,19
1972,5,9,0,35,19
1972,5,10,0,34,20
1972,5,11,0,34,19
1972,5,12,0,33,15
1972,5,13,0,34,18
1972,5,14,0,25,19
1972,5,15,0,32,14
1972,5,16,0,34,19
1972,5,17,0,35,19
1972,5,18,0,37,20
1972,5,19,0,33,21
1972,5,20,0,38,22
1972,5,21,0,39,24
1972,5,22,0,38,16
1972,5,23,0,35,15
1972,5,24,0,38,13
1972,5,25,0,38,20
1972,5,26,0,37,20
1972,5,27,3,36,21
1972,5,28,2,28,20
1972,5,29,-99.9,32,17
1972,5,30,0,26,19
1972,5,31,0,24,17
1972,6,1,0,34,15
1972,6,2,0,34,17
1972,6,3,0,34,19
1972,6,4,0,33,22
1972,6,5,0,29,19
1972,6,6,18,28,21
1972,6,7,8,26,18
1972,6,8,1,28,18
1972,6,9,0,33,20
1972,6,10,0,34,21
1972,6,11,3,33,24
1972,6,12,10,33,19
1972,6,13,0,33,20
1972,6,14,0,38,19
1972,6,15,0,37,22
1972,6,16,0,38,23
1972,6,17,0,38,23
1972,6,18,3,36,23
1972,6,19,0,40,22
1972,6,20,0,40,22
1972,6,21,0,41,24
1972,6,22,0,41,30
1972,6,23,0,41,30
1972,6,24,0,42,30
1972,6,25,0,41,23
1972,6,26,0,42,23
1972,6,27,0,42,21
1972,6,28,0,41,22
1972,6,29,0,42,24
1972,6,30,0,36,19
1972,7,1,0,37,21
1972,7,2,0,43,26
1972,7,3,0,37,25
1972,7,4,0,37,23
1972,7,5,0,33,-99.9
1972,7,6,0,37,-99.9
1972,7,7,2,41,-99.9
1972,7,8,0,38,-99.9
1972,7,9,8,38,24
1972,7,10,0,38,24
1972,7,11,0,36,24
1972,7,12,0,37,25
1972,7,13,0,38,23
1972,7,14,0,39,23
1972,7,15,0,36,23
1972,7,16,0,32,21
1972,7,17,0,38,21
1972,7,18,15,36,21
1972,7,19,0,32,20
1972,7,20,0,31,24
1972,7,21,0,32,21
1972,7,22,0,33,21
1972,7,23,0,33,22
1972,7,24,0,32,21
1972,7,25,0,35,20
1972,7,26,0,37,21
1972,7,27,0,36,22
1972,7,28,0,37,21
1972,7,29,0,37,22
1972,7,30,0,38,21
1972,7,31,0,42,18
1972,8,1,0,38,26
1972,8,2,0,34,23
1972,8,3,0,34,22
1972,8,4,2,32,21
1972,8,5,14,27,18
1972,8,6,1,34,18
1972,8,7,3,33,20
1972,8,8,6,28,18
1972,8,9,9,28,19
1972,8,10,0,34,19
1972,8,11,2,35,19
1972,8,12,18,32,20
1972,8,13,0,38,20
1972,8,14,0,34,19
1972,8,15,11,38,22
1972,8,16,0,30,19
1972,8,17,0,31,20
1972,8,18,8,28,20
1972,8,19,0,38,18
1972,8,20,0,37,18
1972,8,21,0,38,22
1972,8,22,0,39,20
1972,8,23,0,27,21
1972,8,24,0,28,21
1972,8,25,0,29,21
1972,8,26,14,35,22
1972,8,27,0,33,23
1972,8,28,0,33,24
1972,8,29,0,30,22
1972,8,30,0,32,20
1972,8,31,0,31,21
1972,9,1,0,33,24
1972,9,2,0,34,22
1972,9,3,9,32,21
1972,9,4,0,32,20
1972,9,5,0,31,21
1972,9,6,2,30,23
1972,9,7,6,34,23
1972,9,8,0,33,23
1972,9,9,0,32,24
1972,9,10,0,34,22
1972,9,11,29,33,23
1972,9,12,30,30,21
1972,9,13,0,31,20
1972,9,14,13,31,21
1972,9,15,10,30,20
1972,9,16,0,30,21
1972,9,17,0,31,22
1972,9,18,0,34,21
1972,9,19,20,31,22
1972,9,20,0,33,20
1972,9,21,0,29,-99.9
1972,9,22,0,22,-99.9
1972,9,23,0,29,-99.9
1972,9,24,0,31,-99.9
1972,9,25,0,30,-99.9
1972,9,26,0,30,-99.9
1972,9,27,0,32,-99.9
1972,9,28,0,34,-99.9
1972,9,29,0,34,-99.9
1972,9,30,0,34,-99.9
1972,10,1,0,32,-99.9
1972,10,2,0,32,21
1972,10,3,0,32,20
1972,10,4,0,31,20
1972,10,5,0,33,17
1972,10,6,0,30,21
1972,10,7,0,30,20
1972,10,8,0,33,21
1972,10,9,0,36,21
1972,10,10,13,32,22
1972,10,11,13,33,19
1972,10,12,0,30,20
1972,10,13,0,31,18
1972,10,14,0,32,19
1972,10,15,0,31,22
1972,10,16,0,33,20
1972,10,17,0,33,15
1972,10,18,0,33,20
1972,10,19,0,24,17
1972,10,20,5,22,14
1972,10,21,0,23,16
1972,10,22,0,23,13
1972,10,23,0,24,10
1972,10,24,0,22,16
1972,10,25,7,23,11
1972,10,26,0,24,22
1972,10,27,0,24,16
1972,10,28,0,22,15
1972,10,29,0,22,15
1972,10,30,0,25,17
1972,10,31,0,24,19
1972,11,1,0,20,5
1972,11,2,0,24,6
1972,11,3,0,23,8
1972,11,4,0,28,7
1972,11,5,0,20,5
1972,11,6,0,24,4
1972,11,7,0,24,8
1972,11,8,0,21,5
1972,11,9,0,20,11
1972,11,10,13,20,9
1972,11,11,13,19,9
1972,11,12,0,20,14
1972,11,13,0,19,14
1972,11,14,0,18,14
1972,11,15,0,18,13
1972,11,16,0,18,14
1972,11,17,0,17,11
1972,11,18,0,19,11
1972,11,19,0,19,11
1972,11,20,5,18,7
1972,11,21,0,19,9
1972,11,22,0,21,9
1972,11,23,0,19,13
1972,11,24,0,26,8
1972,11,25,7,18,13
1972,11,26,0,8,2
1972,11,27,0,13,-3
1972,11,28,0,13,-3
1972,11,29,0,12,-4
1972,11,30,0,16,-3
1972,12,1,0,20,1
1972,12,2,0,13,4
1972,12,3,0,10,6
1972,12,4,0,14,2
1972,12,5,0,18,4
1972,12,6,0,8,6
1972,12,7,0,16,2
1972,12,8,0,23,-1
1972,12,9,0,24,1
1972,12,10,0,9,-3
1972,12,11,0,15,-2
1972,12,12,0,21,0
1972,12,13,0,21,-3
1972,12,14,0,19,3
1972,12,15,0,20,4
1972,12,16,0,20,-2
1972,12,17,0,22,3
1972,12,18,0,22,7
1972,12,19,0,20,6
1972,12,20,0,21,2
1972,12,21,0,21,-2
1972,12,22,0,22,-1
1972,12,23,0,23,4
1972,12,24,0,26,5
1972,12,25,0,15,4
1972,12,26,0,15,-99.9
1972,12,27,0,19,-99.9
1972,12,28,0,22,-99.9
1972,12,29,0,19,-99.9
1972,12,30,0,15,6
1972,12,31,0,16,-2
1973,1,1,0,11,4
1973,1,2,0,13,-2
1973,1,3,0,13,4
1973,1,4,0,15,3
1973,1,5,0,15,4
1973,1,6,0,14,5
1973,1,7,0,19,4
1973,1,8,0,13,6
1973,1,9,0,14,5
1973,1,10,0,14,4
1973,1,11,0,12,3
1973,1,12,0,21,3
1973,1,13,0,18,2
1973,1,14,0,20,4
1973,1,15,0,24,1
1973,1,16,0,20,1
1973,1,17,0,20,2
1973,1,18,0,20,4
1973,1,19,0,22,0
1973,1,20,0,21,3
1973,1,21,0,12,2
1973,1,22,0,20,2
1973,1,23,0,22,4
1973,1,24,0,20,2
1973,1,25,0,21,4
1973,1,26,0,22,2
1973,1,27,0,18,7
1973,1,28,0,12,6
1973,1,29,0,22,6
1973,1,30,0,17,4
1973,1,31,0,18,5
1973,2,1,-99.9,-99.9,-99.9
1973,2,2,-99.9,-99.9,-99.9
1973,2,3,-99.9,-99.9,-99.9
1973,2,4,-99.9,-99.9,-99.9
1973,2,5,-99.9,-99.9,-99.9
1973,2,6,-99.9,-99.9,-99.9
1973,2,7,-99.9,-99.9,-99.9
1973,2,8,-99.9,-99.9,-99.9
1973,2,9,-99.9,-99.9,-99.9
1973,2,10,-99.9,-99.9,-99.9
1973,2,11,-99.9,-99.9,-99.9
1973,2,12,-99.9,-99.9,-99.9
1973,2,13,-99.9,-99.9,-99.9
1973,2,14,-99.9,-99.9,-99.9
1973,2,15,-99.9,-99.9,-99.9
1973,2,16,-99.9,-99.9,-99.9
1973,2,17,-99.9,-99.9,-99.9
1973,2,18,-99.9,-99.9,-99.9
1973,2,19,-99.9,-99.9,-99.9
1973,2,20,-99.9,-99.9,-99.9
1973,2,21,-99.9,-99.9,-99.9
1973,2,22,-99.9,-99.9,-99.9
1973,2,23,-99.9,-99.9,-99.9
1973,2,24,-99.9,-99.9,-99.9
1973,2,25,-99.9,-99.9,-99.9
1973,2,26,-99.9,-99.9,-99.9
1973,2,27,-99.9,-99.9,-99.9
1973,2,28,-99.9,-99.9,-99.9
1973,3,1,-99.9,-99.9,-99.9
1973,3,2,-99.9,-99.9,-99.9
1973,3,3,-99.9,-99.9,-99.9
1973,3,4,-99.9,-99.9,-99.9
1973,3,5,-99.9,-99.9,-99.9
1973,3,6,-99.9,-99.9,-99.9
1973,3,7,-99.9,-99.9,-99.9
1973,3,8,-99.9,-99.9,-99.9
1973,3,9,-99.9,-99.9,-99.9
1973,3,10,-99.9,-99.9,-99.9
1973,3,11,-99.9,-99.9,-99.9
1973,3,12,-99.9,-99.9,-99.9
1973,3,13,-99.9,-99.9,-99.9
1973,3,14,-99.9,-99.9,-99.9
1973,3,15,-99.9,-99.9,-99.9
1973,3,16,-99.9,-99.9,-99.9
1973,3,17,-99.9,-99.9,-99.9
1973,3,18,-99.9,-99.9,-99.9
1973,3,19,-99.9,-99.9,-99.9
1973,3,20,-99.9,-99.9,-99.9
1973,3,21,-99.9,-99.9,-99.9
1973,3,22,-99.9,-99.9,-99.9
1973,3,23,-99.9,-99.9,-99.9
1973,3,24,-99.9,-99.9,-99.9
1973,3,25,-99.9,-99.9,-99.9
1973,3,26,-99.9,-99.9,-99.9
1973,3,27,-99.9,-99.9,-99.9
1973,3,28,-99.9,-99.9,-99.9
1973,3,29,-99.9,-99.9,-99.9
1973,3,30,-99.9,-99.9,-99.9
1973,3,31,-99.9,-99.9,-99.9
1973,4,1,-99.9,-99.9,-99.9
1973,4,2,-99.9,-99.9,-99.9
1973,4,3,-99.9,-99.9,-99.9
1973,4,4,-99.9,-99.9,-99.9
1973,4,5,-99.9,-99.9,-99.9
1973,4,6,-99.9,-99.9,-99.9
1973,4,7,-99.9,-99.9,-99.9
1973,4,8,-99.9,-99.9,-99.9
1973,4,9,-99.9,-99.9,-99.9
1973,4,10,-99.9,-99.9,-99.9
1973,4,11,-99.9,-99.9,-99.9
1973,4,12,-99.9,-99.9,-99.9
1973,4,13,-99.9,-99.9,-99.9
1973,4,14,-99.9,-99.9,-99.9
1973,4,15,-99.9,-99.9,-99.9
1973,4,16,-99.9,-99.9,-99.9
1973,4,17,-99.9,-99.9,-99.9
1973,4,18,-99.9,-99.9,-99.9
1973,4,19,-99.9,-99.9,-99.9
1973,4,20,-99.9,-99.9,-99.9
1973,4,21,-99.9,-99.9,-99.9
1973,4,22,-99.9,-99.9,-99.9
1973,4,23,-99.9,-99.9,-99.9
1973,4,24,-99.9,-99.9,-99.9
1973,4,25,-99.9,-99.9,-99.9
1973,4,26,-99.9,-99.9,-99.9
1973,4,27,-99.9,-99.9,-99.9
1973,4,28,-99.9,-99.9,-99.9
1973,4,29,-99.9,-99.9,-99.9
1973,4,30,-99.9,-99.9,-99.9
1973,5,1,-99.9,-99.9,-99.9
1973,5,2,-99.9,-99.9,-99.9
1973,5,3,-99.9,-99.9,-99.9
1973,5,4,-99.9,-99.9,-99.9
1973,5,5,-99.9,-99.9,-99.9
1973,5,6,-99.9,-99.9,-99.9
1973,5,7,-99.9,-99.9,-99.9
1973,5,8,-99.9,-99.9,-99.9
1973,5,9,-99.9,-99.9,-99.9
1973,5,10,-99.9,-99.9,-99.9
1973,5,11,-99.9,-99.9,-99.9
1973,5,12,-99.9,-99.9,-99.9
1973,5,13,-99.9,-99.9,-99.9
1973,5,14,-99.9,-99.9,-99.9
1973,5,15,-99.9,-99.9,-99.9
1973,5,16,-99.9,-99.9,-99.9
1973,5,17,-99.9,-99.9,-99.9
1973,5,18,-99.9,-99.9,-99.9
1973,5,19,-99.9,-99.9,-99.9
1973,5,20,-99.9,-99.9,-99.9
1973,5,21,-99.9,-99.9,-99.9
1973,5,22,-99.9,-99.9,-99.9
1973,5,23,-99.9,-99.9,-99.9
1973,5,24,-99.9,-99.9,-99.9
1973,5,25,-99.9,-99.9,-99.9
1973,5,26,-99.9,-99.9,-99.9
1973,5,27,-99.9,-99.9,-99.9
1973,5,28,-99.9,-99.9,-99.9
1973,5,29,-99.9,-99.9,-99.9
1973,5,30,-99.9,-99.9,-99.9
1973,5,31,-99.9,-99.9,-99.9
1973,6,1,-99.9,-99.9,-99.9
1973,6,2,-99.9,-99.9,-99.9
1973,6,3,-99.9,-99.9,-99.9
1973,6,4,-99.9,-99.9,-99.9
1973,6,5,-99.9,-99.9,-99.9
1973,6,6,-99.9,-99.9,-99.9
1973,6,7,-99.9,-99.9,-99.9
1973,6,8,-99.9,-99.9,-99.9
1973,6,9,-99.9,-99.9,-99.9
1973,6,10,-99.9,-99.9,-99.9
1973,6,11,-99.9,-99.9,-99.9
1973,6,12,-99.9,-99.9,-99.9
1973,6,13,-99.9,-99.9,-99.9
1973,6,14,-99.9,-99.9,-99.9
1973,6,15,-99.9,-99.9,-99.9
1973,6,16,-99.9,-99.9,-99.9
1973,6,17,-99.9,-99.9,-99.9
1973,6,18,-99.9,-99.9,-99.9
1973,6,19,-99.9,-99.9,-99.9
1973,6,20,-99.9,-99.9,-99.9
1973,6,21,-99.9,-99.9,-99.9
1973,6,22,-99.9,-99.9,-99.9
1973,6,23,-99.9,-99.9,-99.9
1973,6,24,-99.9,-99.9,-99.9
1973,6,25,-99.9,-99.9,-99.9
1973,6,26,-99.9,-99.9,-99.9
1973,6,27,-99.9,-99.9,-99.9
1973,6,28,-99.9,-99.9,-99.9
1973,6,29,-99.9,-99.9,-99.9
1973,6,30,-99.9,-99.9,-99.9
1973,7,1,-99.9,-99.9,-99.9
1973,7,2,-99.9,-99.9,-99.9
1973,7,3,-99.9,-99.9,-99.9
1973,7,4,-99.9,-99.9,-99.9
1973,7,5,-99.9,-99.9,-99.9
1973,7,6,-99.9,-99.9,-99.9
1973,7,7,-99.9,-99.9,-99.9
1973,7,8,-99.9,-99.9,-99.9
1973,7,9,-99.9,-99.9,-99.9
1973,7,10,-99.9,-99.9,-99.9
1973,7,11,-99.9,-99.9,-99.9
1973,7,12,-99.9,-99.9,-99.9
1973,7,13,-99.9,-99.9,-99.9
1973,7,14,-99.9,-99.9,-99.9
1973,7,15,-99.9,-99.9,-99.9
1973,7,16,-99.9,-99.9,-99.9
1973,7,17,-99.9,-99.9,-99.9
1973,7,18,-99.9,-99.9,-99.9
1973,7,19,-99.9,-99.9,-99.9
1973,7,20,-99.9,-99.9,-99.9
1973,7,21,-99.9,-99.9,-99.9
1973,7,22,-99.9,-99.9,-99.9
1973,7,23,-99.9,-99.9,-99.9
1973,7,24,-99.9,-99.9,-99.9
1973,7,25,-99.9,-99.9,-99.9
1973,7,26,-99.9,-99.9,-99.9
1973,7,27,-99.9,-99.9,-99.9
1973,7,28,-99.9,-99.9,-99.9
1973,7,29,-99.9,-99.9,-99.9
1973,7,30,-99.9,-99.9,-99.9
1973,7,31,-99.9,-99.9,-99.9
1973,8,1,-99.9,-99.9,-99.9
1973,8,2,-99.9,-99.9,-99.9
1973,8,3,-99.9,-99.9,-99.9
1973,8,4,-99.9,-99.9,-99.9
1973,8,5,-99.9,-99.9,-99.9
1973,8,6,-99.9,-99.9,-99.9
1973,8,7,-99.9,-99.9,-99.9
1973,8,8,-99.9,-99.9,-99.9
1973,8,9,-99.9,-99.9,-99.9
1973,8,10,-99.9,-99.9,-99.9
1973,8,11,-99.9,-99.9,-99.9
1973,8,12,-99.9,-99.9,-99.9
1973,8,13,-99.9,-99.9,-99.9
1973,8,14,-99.9,-99.9,-99.9
1973,8,15,-99.9,-99.9,-99.9
1973,8,16,-99.9,-99.9,-99.9
1973,8,17,-99.9,-99.9,-99.9
1973,8,18,-99.9,-99.9,-99.9
1973,8,19,-99.9,-99.9,-99.9
1973,8,20,-99.9,-99.9,-99.9
1973,8,21,-99.9,-99.9,-99.9
1973,8,22,-99.9,-99.9,-99.9
1973,8,23,-99.9,-99.9,-99.9
1973,8,24,-99.9,-99.9,-99.9
1973,8,25,-99.9,-99.9,-99.9
1973,8,26,-99.9,-99.9,-99.9
1973,8,27,-99.9,-99.9,-99.9
1973,8,28,-99.9,-99.9,-99.9
1973,8,29,-99.9,-99.9,-99.9
1973,8,30,-99.9,-99.9,-99.9
1973,8,31,-99.9,-99.9,-99.9
1973,9,1,-99.9,-99.9,-99.9
1973,9,2,-99.9,-99.9,-99.9
1973,9,3,-99.9,-99.9,-99.9
1973,9,4,-99.9,-99.9,-99.9
1973,9,5,-99.9,-99.9,-99.9
1973,9,6,-99.9,-99.9,-99.9
1973,9,7,-99.9,-99.9,-99.9
1973,9,8,-99.9,-99.9,-99.9
1973,9,9,-99.9,-99.9,-99.9
1973,9,10,-99.9,-99.9,-99.9
1973,9,11,-99.9,-99.9,-99.9
1973,9,12,-99.9,-99.9,-99.9
1973,9,13,-99.9,-99.9,-99.9
1973,9,14,-99.9,-99.9,-99.9
1973,9,15,-99.9,-99.9,-99.9
1973,9,16,-99.9,-99.9,-99.9
1973,9,17,-99.9,-99.9,-99.9
1973,9,18,-99.9,-99.9,-99.9
1973,9,19,-99.9,-99.9,-99.9
1973,9,20,-99.9,-99.9,-99.9
1973,9,21,-99.9,-99.9,-99.9
1973,9,22,-99.9,-99.9,-99.9
1973,9,23,-99.9,-99.9,-99.9
1973,9,24,-99.9,-99.9,-99.9
1973,9,25,-99.9,-99.9,-99.9
1973,9,26,-99.9,-99.9,-99.9
1973,9,27,-99.9,-99.9,-99.9
1973,9,28,-99.9,-99.9,-99.9
1973,9,29,-99.9,-99.9,-99.9
1973,9,30,-99.9,-99.9,-99.9
1973,10,1,-99.9,-99.9,-99.9
1973,10,2,-99.9,-99.9,-99.9
1973,10,3,-99.9,-99.9,-99.9
1973,10,4,-99.9,-99.9,-99.9
1973,10,5,-99.9,-99.9,-99.9
1973,10,6,-99.9,-99.9,-99.9
1973,10,7,-99.9,-99.9,-99.9
1973,10,8,-99.9,-99.9,-99.9
1973,10,9,-99.9,-99.9,-99.9
1973,10,10,-99.9,-99.9,-99.9
1973,10,11,-99.9,-99.9,-99.9
1973,10,12,-99.9,-99.9,-99.9
1973,10,13,-99.9,-99.9,-99.9
1973,10,14,-99.9,-99.9,-99.9
1973,10,15,-99.9,-99.9,-99.9
1973,10,16,-99.9,-99.9,-99.9
1973,10,17,-99.9,-99.9,-99.9
1973,10,18,-99.9,-99.9,-99.9
1973,10,19,-99.9,-99.9,-99.9
1973,10,20,-99.9,-99.9,-99.9
1973,10,21,-99.9,-99.9,-99.9
1973,10,22,-99.9,-99.9,-99.9
1973,10,23,-99.9,-99.9,-99.9
1973,10,24,-99.9,-99.9,-99.9
1973,10,25,-99.9,-99.9,-99.9
1973,10,26,-99.9,-99.9,-99.9
1973,10,27,-99.9,-99.9,-99.9
1973,10,28,-99.9,-99.9,-99.9
1973,10,29,-99.9,-99.9,-99.9
1973,10,30,-99.9,-99.9,-99.9
1973,10,31,-99.9,-99.9,-99.9
1973,11,1,-99.9,-99.9,-99.9
1973,11,2,-99.9,-99.9,-99.9
1973,11,3,-99.9,-99.9,-99.9
1973,11,4,-99.9,-99.9,-99.9
1973,11,5,-99.9,-99.9,-99.9
1973,11,6,-99.9,-99.9,-99.9
1973,11,7,-99.9,-99.9,-99.9
1973,11,8,-99.9,-99.9,-99.9
1973,11,9,-99.9,-99.9,-99.9
1973,11,10,-99.9,-99.9,-99.9
1973,11,11,-99.9,-99.9,-99.9
1973,11,12,-99.9,-99.9,-99.9
1973,11,13,-99.9,-99.9,-99.9
1973,11,14,-99.9,-99.9,-99.9
1973,11,15,-99.9,-99.9,-99.9
1973,11,16,-99.9,-99.9,-99.9
1973,11,17,-99.9,-99.9,-99.9
1973,11,18,-99.9,-99.9,-99.9
1973,11,19,-99.9,-99.9,-99.9
1973,11,20,-99.9,-99.9,-99.9
1973,11,21,-99.9,-99.9,-99.9
1973,11,22,-99.9,-99.9,-99.9
1973,11,23,-99.9,-99.9,-99.9
1973,11,24,-99.9,-99.9,-99.9
1973,11,25,-99.9,-99.9,-99.9
1973,11,26,-99.9,-99.9,-99.9
1973,11,27,-99.9,-99.9,-99.9
1973,11,28,-99.9,-99.9,-99.9
1973,11,29,-99.9,-99.9,-99.9
1973,11,30,-99.9,-99.9,-99.9
1973,12,1,-99.9,-99.9,-99.9
1973,12,2,-99.9,-99.9,-99.9
1973,12,3,-99.9,-99.9,-99.9
1973,12,4,-99.9,-99.9,-99.9
1973,12,5,-99.9,-99.9,-99.9
1973,12,6,-99.9,-99.9,-99.9
1973,12,7,-99.9,-99.9,-99.9
1973,12,8,-99.9,-99.9,-99.9
1973,12,9,-99.9,-99.9,-99.9
1973,12,10,-99.9,-99.9,-99.9
1973,12,11,-99.9,-99.9,-99.9
1973,12,12,-99.9,-99.9,-99.9
1973,12,13,-99.9,-99.9,-99.9
1973,12,14,-99.9,-99.9,-99.9
1973,12,15,-99.9,-99.9,-99.9
1973,12,16,-99.9,-99.9,-99.9
1973,12,17,-99.9,-99.9,-99.9
1973,12,18,-99.9,-99.9,-99.9
1973,12,19,-99.9,-99.9,-99.9
1973,12,20,-99.9,-99.9,-99.9
1973,12,21,-99.9,-99.9,-99.9
1973,12,22,-99.9,-99.9,-99.9
1973,12,23,-99.9,-99.9,-99.9
1973,12,24,-99.9,-99.9,-99.9
1973,12,25,-99.9,-99.9,-99.9
1973,12,26,-99.9,-99.9,-99.9
1973,12,27,-99.9,-99.9,-99.9
1973,12,28,-99.9,-99.9,-99.9
1973,12,29,-99.9,-99.9,-99.9
1973,12,30,-99.9,-99.9,-99.9
1973,12,31,-99.9,-99.9,-99.9
